{"id":"254e485e-e123-11e9-820b-e3a16b01c583","type":"CATALOGUE/LINK","title":"Continue Watching","slug":"/home/continue-watching","description":"Continue Watching","images":[],"sectionNavigation":"HOME","linkId":"CONTINUE_WATCHING","renderHint":{"orientation":"landscape","sort":false},"orientation":"landscape","links":{"refresh":{"href":"https://bff-ext.clients.peacocktv.com/bff/sections/v1/personalised?slug=/home/continue-watching&segment=default&template=sections_v2&rel=refresh","type":"GET"}},"items":[{"type":"ASSET/EPISODE","id":"bc4236a0-c423-11f0-91c1-27ffb3a2ab6a","type":"ASSET/EPISODE","title":"Copenhagen","slug":"/tv/copenhagen-test/7839328211853140112/seasons/1/episodes/episode-1-episode-1/422e631e-0482-3c3e-a8e3-3582e830d85c","sectionNavigation":"ENTERTAINMENT","classification":"ENTERTAINMENT","genreList":[{"genre":[{"id":"TV","title":"TV"}],"subgenre":[{"id":"Thriller","title":"Thriller"}]},{"genre":[{"id":"TV","title":"TV"}],"subgenre":[{"id":"Sci-Fi","title":"Sci-Fi"}]},{"genre":[{"id":"TV","title":"TV"}],"subgenre":[{"id":"Drama","title":"Drama"}]},{"genre":[{"id":"TV","title":"TV"}],"subgenre":[{"id":"Action","title":"Action"}]}],"images":[{"type":"landscape","url":"https://imageservice.disco.peacocktv.com/uuid/fce2ec4f-42ea-3174-ab45-21c9461ca5c4/LAND_16_9?language=eng&proposition=NBCUOTT&version=b01ffa09-dfc2-3d24-80c4-d7cce42c0706"},{"type":"scene169","url":"https://imageservice.disco.peacocktv.com/uuid/fce2ec4f-42ea-3174-ab45-21c9461ca5c4/SCENE_CLEAN_WIDE?language=eng&proposition=NBCUOTT&version=b01ffa09-dfc2-3d24-80c4-d7cce42c0706","area":"HERO_AREA"},{"type":"scene169","url":"https://imageservice.disco.peacocktv.com/uuid/fce2ec4f-42ea-3174-ab45-21c9461ca5c4/SCENE_CLEAN_WIDE?language=eng&proposition=NBCUOTT&version=b01ffa09-dfc2-3d24-80c4-d7cce42c0706","area":"TILE"}],"ottCertificate":"TVMA","synopsisLong":"Trying to prove he's not the mole at his agency, an analyst makes a discovery that upends his life.","channel":{"name":"NBC Peacock"},"duration":{"durationMilliseconds":3385000,"durationMinutes":56,"durationSeconds":3385},"formats":{"HD":{"contentId":"GMO_00000000260605_02_HDSDR","startOfCredits":3324196,"eventStage":"CANCELLED","availability":{"available":true,"downloadable":true,"mediaType":"ARCHIVE","offerStartTs":1766829600000,"offerEndTs":2061626340000,"extendedOfferEndTs":2061626340000,"offerStage":"CANCELLED","streamable":true},"markers":{"SOCR":3324196}}},"programmeUuid":"fce2ec4f-42ea-3174-ab45-21c9461ca5c4","episodeName":"Copenhagen","providerId":"7238321483222416105","providerSeriesId":"7839328211853140112","runtime":"00:56:25","year":2025,"number":1,"seasonId":"51470715-2dcd-3c71-94f8-7dffdaec3575","seasonNumber":1,"seriesId":"2d3f7c92-b7d8-339d-8b76-125b870602ce","seriesName":"The Copenhagen Test","providerVariantId":"422e631e-0482-3c3e-a8e3-3582e830d85c","contentSegments":["D2C"],"advisory":[{"id":"private:VIOLENCE","terms":[{"abbreviation":"V","description":"Violence"}]},{"id":"private:COARSE_LANG","terms":[{"abbreviation":"L","description":"Coarse Language"}]}],"ageRating":{"display":"TVMA"},"streamPosition":1708,"badging":{"audioTracks":["5.1","Description","Stereo"],"videoFormats":[{"videoFormat":"HD"},{"videoFormat":"UHD"}]}},{"type":"ASSET/EPISODE","id":"4bd66078-e5aa-11f0-9f6d-fb4e68fb0f6d","type":"ASSET/EPISODE","title":"Let the Cards Fall As They Will","slug":"/tv/the-traitors/7658497932373259112/seasons/4/episodes/episode-1-episode-1/2124330c-1531-387c-bbeb-36dca4e52cbb","sectionNavigation":"ENTERTAINMENT","classification":"ENTERTAINMENT","genreList":[{"genre":[{"id":"TV","title":"TV"}],"subgenre":[{"id":"Competition","title":"Competition"}]}],"images":[{"type":"landscape","url":"https://imageservice.disco.peacocktv.com/pcms/9cb8f854-eb39-11f0-9aee-378550293ec9/LAND_16_9?proposition=NBCUOTT&language=en&version=460161c4-5650-5ecd-b460-7642bacf8e0e"},{"type":"scene169","url":"https://imageservice.disco.peacocktv.com/pcms/9cb8f854-eb39-11f0-9aee-378550293ec9/LAND_16_9?proposition=NBCUOTT&language=en&version=460161c4-5650-5ecd-b460-7642bacf8e0e","area":"HERO_AREA"},{"type":"scene169","url":"https://imageservice.disco.peacocktv.com/pcms/9cb8f854-eb39-11f0-9aee-378550293ec9/LAND_16_9?proposition=NBCUOTT&language=en&version=460161c4-5650-5ecd-b460-7642bacf8e0e","area":"TILE"}],"ottCertificate":"TVMA","synopsisLong":"Another new all-star cast arrives in Scotland at night and the game starts faster than ever before.","channel":{"name":"NBC Peacock"},"duration":{"durationMilliseconds":4092000,"durationMinutes":68,"durationSeconds":4092},"formats":{"HD":{"contentId":"GMO_00000001015800_01","startOfCredits":4085000,"eventStage":"CANCELLED","availability":{"available":true,"downloadable":true,"mediaType":"ARCHIVE","offerStartTs":1767922200000,"offerEndTs":4102480740000,"extendedOfferEndTs":4102480740000,"offerStage":"CANCELLED","streamable":true},"markers":{"SOCR":4085000}}},"programmeUuid":"c2bfdb83-6eb6-3686-b412-0e20650170c5","episodeName":"Let the Cards Fall As They Will","providerId":"7238321483222416105","providerSeriesId":"7658497932373259112","runtime":"01:08:12","year":2025,"number":1,"seasonId":"8fba578d-5c67-366c-9f15-193a4b6f9f56","seasonNumber":4,"seriesId":"d31d5fdb-ec8d-394b-9ab3-6cf3418795d0","seriesName":"The Traitors","providerVariantId":"2124330c-1531-387c-bbeb-36dca4e52cbb","contentSegments":["D2C"],"advisory":[{"id":"private:COARSE_LANG","terms":[{"abbreviation":"L","description":"Coarse Language"}]}],"ageRating":{"display":"TVMA"},"streamPosition":2072,"badging":{"audioTracks":["5.1","Description","Stereo"],"videoFormats":[{"videoFormat":"HD"}]}},{"type":"ASSET/EPISODE","id":"9b317c8c-e769-11f0-bab1-4bb0a9bb70c0","type":"ASSET/EPISODE","title":"Second Hand News","slug":"/tv/ponies/5421618614267564112/seasons/1/episodes/second-hand-news-episode-1/156a636d-c306-3ec1-8437-e5fdc12dd657","sectionNavigation":"ENTERTAINMENT","classification":"ENTERTAINMENT","genreList":[{"genre":[{"id":"TV","title":"TV"}],"subgenre":[{"id":"Drama","title":"Drama"}]},{"genre":[{"id":"TV","title":"TV"}],"subgenre":[{"id":"Thriller","title":"Thriller"}]}],"images":[{"type":"landscape","url":"https://imageservice.disco.peacocktv.com/uuid/a7abd4c3-5665-32da-b924-bf73e79edbc9/LAND_16_9?language=eng&proposition=NBCUOTT&version=ff065950-95af-374c-a012-f9510e8fb585"},{"type":"scene169","url":"https://imageservice.disco.peacocktv.com/uuid/a7abd4c3-5665-32da-b924-bf73e79edbc9/SCENE_CLEAN_WIDE?language=eng&proposition=NBCUOTT&version=ff065950-95af-374c-a012-f9510e8fb585","area":"HERO_AREA"},{"type":"scene169","url":"https://imageservice.disco.peacocktv.com/uuid/a7abd4c3-5665-32da-b924-bf73e79edbc9/SCENE_CLEAN_WIDE?language=eng&proposition=NBCUOTT&version=ff065950-95af-374c-a012-f9510e8fb585","area":"TILE"}],"ottCertificate":"TVMA","synopsisLong":"After tragedy strikes, two American women embark on a new life as spies in the Soviet Union.‬","channel":{"name":"NBC Peacock"},"duration":{"durationMilliseconds":3193000,"durationMinutes":53,"durationSeconds":3193},"formats":{"HD":{"contentId":"GMO_00000000262571_02_HDSDR","startOfCredits":3100055,"eventStage":"CANCELLED","availability":{"available":true,"downloadable":true,"mediaType":"ARCHIVE","offerStartTs":1768471200000,"offerEndTs":1896170340000,"extendedOfferEndTs":1896170340000,"offerStage":"CANCELLED","streamable":true},"markers":{"SOCR":3100055}}},"programmeUuid":"a7abd4c3-5665-32da-b924-bf73e79edbc9","episodeName":"Second Hand News","providerId":"7238321483222416105","providerSeriesId":"5421618614267564112","runtime":"00:53:13","year":2026,"number":1,"seasonId":"e9f66770-e627-3c4f-b147-d64c1a289508","seasonNumber":1,"seriesId":"ef480973-f711-3a94-bd9c-f55cc5fbca49","seriesName":"PONIES","providerVariantId":"156a636d-c306-3ec1-8437-e5fdc12dd657","contentSegments":["D2C"],"advisory":[{"id":"private:VIOLENCE","terms":[{"abbreviation":"V","description":"Violence"}]},{"id":"private:COARSE_LANG","terms":[{"abbreviation":"L","description":"Coarse Language"}]},{"id":"private:SMOKE","terms":[{"description":"Smoking"}]}],"ageRating":{"display":"TVMA"},"streamPosition":1401,"badging":{"audioTracks":["5.1","Description","Stereo"],"videoFormats":[{"videoFormat":"HD"},{"videoFormat":"UHD"}]}},{"type":"ASSET/PROGRAMME","id":"cb44d068-9d6d-11f0-b492-bb8eff3c5976","type":"ASSET/PROGRAMME","title":"Jurassic World Rebirth","slug":"/movies/jurassic-world-rebirth/c695e9a6-bcd5-38e6-9f01-0566374ac6e4","sectionNavigation":"ENTERTAINMENT","classification":"MOVIES","genreList":[{"genre":[{"id":"Movies","title":"Movies"}],"subgenre":[{"id":"Adventure","title":"Adventure"}]},{"genre":[{"id":"Movies","title":"Movies"}],"subgenre":[{"id":"Sci-Fi","title":"Sci-Fi"}]},{"genre":[{"id":"Movies","title":"Movies"}],"subgenre":[{"id":"Action","title":"Action"}]},{"genre":[{"id":"Movies","title":"Movies"}],"subgenre":[{"id":"Thriller","title":"Thriller"}]}],"images":[{"type":"landscape","url":"https://imageservice.disco.peacocktv.com/pcms/5d37f0b6-9d7a-11f0-bc4b-d7f6e339b5a8/LAND_16_9?proposition=NBCUOTT&language=en&versionId=deec102b-8501-59fe-adbf-876ab83809d4"},{"type":"titleArt169","url":"https://imageservice.disco.peacocktv.com/uuid/39bfa961-cce8-31eb-beaa-b453f56c8ef2/COVER_TITLE_WIDE?language=eng&proposition=NBCUOTT&version=c4ce1b26-797f-3d8a-abe0-f7e7a6aad28f"},{"type":"titleLogo","url":"https://imageservice.disco.peacocktv.com/uuid/39bfa961-cce8-31eb-beaa-b453f56c8ef2/LOGO_TITLE_WIDE?language=eng&proposition=NBCUOTT&version=bf60fb41-c8b7-324c-9b18-23df9ba0ee67"}],"ottCertificate":"PG13","synopsisLong":"Skilled operatives traveling to a remote island to secure life-saving DNA from dinosaurs make a sinister discovery that's been hidden for decades.","synopsisShort":"Skilled operatives encounter ferocious dinosaurs during a top-secret mission to a remote island.","channel":{"name":"Universal Pictures"},"cast":["Scarlett Johansson","Mahershala Ali","Jonathan Bailey"],"duration":{"durationMilliseconds":8020000,"durationMinutes":133,"durationSeconds":8020},"formats":{"HD":{"contentId":"GMO_00000000252054_02_HDSDR","startOfCredits":7448941,"eventStage":"CANCELLED","availability":{"available":true,"downloadable":true,"mediaType":"ARCHIVE","offerStartTs":1761818400000,"offerEndTs":1772272740000,"extendedOfferEndTs":1772272740000,"offerStage":"CANCELLED","streamable":true},"markers":{"SOCR":7448941}}},"programmeUuid":"39bfa961-cce8-31eb-beaa-b453f56c8ef2","providerId":"5697106488938584105","runtime":"02:13:40","year":2025,"fanCriticRatings":[{"source":"RT","fanScore":70,"criticScore":50,"tags":["ROTTEN"]}],"providerVariantId":"c695e9a6-bcd5-38e6-9f01-0566374ac6e4","contentSegments":["D2C"],"ageRating":{"display":"PG13"},"alternativeDate":[{"dateType":"digital","type":"released","value":"2025-07-02"}],"badging":{"audioTracks":["5.1","Description","Stereo","Dolby Atmos"],"videoFormats":[{"videoFormat":"HD"},{"videoFormat":"UHD"}]},"streamPosition":4800},{"type":"ASSET/EPISODE","id":"e9c3ad8e-b5eb-11f0-bd32-0b022b2aa93c","type":"ASSET/EPISODE","title":"Episode 1","slug":"/tv/all-her-fault/4681936634154107112/seasons/1/episodes/episode-1-episode-1/9a8d0441-da9d-3fd1-84c2-b24a2764fd02","sectionNavigation":"ENTERTAINMENT","classification":"ENTERTAINMENT","genreList":[{"genre":[{"id":"TV","title":"TV"}],"subgenre":[{"id":"Drama","title":"Drama"}]},{"genre":[{"id":"TV","title":"TV"}],"subgenre":[{"id":"Mystery","title":"Mystery"}]}],"images":[{"type":"landscape","url":"https://imageservice.disco.peacocktv.com/uuid/9f353fa5-be80-39a7-8434-3ebb2b779f2d/LAND_16_9?language=eng&proposition=NBCUOTT&version=45306c6f-4dc0-3a49-a065-61e3e6dedfc9"},{"type":"scene169","url":"https://imageservice.disco.peacocktv.com/uuid/9f353fa5-be80-39a7-8434-3ebb2b779f2d/SCENE_CLEAN_WIDE?language=eng&proposition=NBCUOTT&version=45306c6f-4dc0-3a49-a065-61e3e6dedfc9","area":"HERO_AREA"},{"type":"scene169","url":"https://imageservice.disco.peacocktv.com/uuid/9f353fa5-be80-39a7-8434-3ebb2b779f2d/SCENE_CLEAN_WIDE?language=eng&proposition=NBCUOTT&version=45306c6f-4dc0-3a49-a065-61e3e6dedfc9","area":"TILE"}],"ottCertificate":"TVMA","synopsisLong":"Marissa and Peter Irvine enter a nightmare when their young son Milo is kidnapped during a playdate.","channel":{"name":"NBC Peacock"},"duration":{"durationMilliseconds":2780000,"durationMinutes":46,"durationSeconds":2780},"formats":{"HD":{"contentId":"GMO_00000000259818_02_HDSDR","startOfCredits":2684473,"eventStage":"CANCELLED","availability":{"available":true,"downloadable":true,"mediaType":"ARCHIVE","offerStartTs":1762423200000,"offerEndTs":2061626340000,"extendedOfferEndTs":2061626340000,"offerStage":"CANCELLED","streamable":true},"markers":{"SOCR":2684473}}},"programmeUuid":"9f353fa5-be80-39a7-8434-3ebb2b779f2d","episodeName":"Episode 1","providerId":"7238321483222416105","providerSeriesId":"4681936634154107112","runtime":"00:46:20","year":2025,"number":1,"seasonId":"3788b6de-8ca1-30da-acdf-69725287f7c2","seasonNumber":1,"seriesId":"72ee53d9-6e79-3ae2-9c59-da592bbf0815","seriesName":"All Her Fault","providerVariantId":"9a8d0441-da9d-3fd1-84c2-b24a2764fd02","contentSegments":["D2C"],"advisory":[{"id":"private:COARSE_LANG","terms":[{"abbreviation":"L","description":"Coarse Language"}]}],"ageRating":{"display":"TVMA"},"streamPosition":7,"badging":{"audioTracks":["5.1","Description","Stereo","Dolby Atmos"],"videoFormats":[{"videoFormat":"HD"},{"videoFormat":"UHD"}]}}],"liveItems":[]}