{"Fid":"c2a8tLulROKX3XojfwaDdO","Status":3,"AuthToken":"eyJhbGciOiJFUzI1NiIsInR5cCI6IkpXVCJ9.eyJhcHBJZCI6IjE6NDk0NTk3NDQ1MDE0OmFuZHJvaWQ6Nzc5ZDc5Zjc1MTgzYmY2NSIsImV4cCI6MTc3MDUwMzk1NSwiZmlkIjoiYzJhOHRMdWxST0tYM1hvamZ3YURkTyIsInByb2plY3ROdW1iZXIiOjQ5NDU5NzQ0NTAxNH0.AB2LPV8wRgIhALg0F3eWX6REEzIzZ-ZKaD2UPjDjxX9UtvL7fDN1r8Y0AiEA205QkKJ-kq56cWd8LszAQzIBg70ujAElfE9Dy0MsigQ","RefreshToken":"3_AS3qfwJsTi16knieD7Q3uzBIrJn57NvRqysxjQou4hs6MqY_w7YGvpXiw2TJzZ8Pq6hWd6JDza6HRm_jMsiWZS_JUr5kpidY4VxCLcbgVUvnM1o","TokenCreationEpochInSecs":1769899154,"ExpiresInSecs":604800}