<?xml version='1.0' encoding='utf-8' standalone='yes' ?>
<map>
    <boolean name="measurement_enabled_from_api" value="true" />
    <long name="first_open_time" value="1770410723410" />
    <string name="gmp_app_id">1:493063404026:android:c4c3c362af910e32</string>
    <string name="app_instance_id">34bc5854ff5d7e206007aeaef34c187d</string>
    <long name="session_id" value="1770410723" />
    <boolean name="app_backgrounded" value="false" />
    <long name="health_monitor:start" value="1770410723768" />
    <boolean name="use_service" value="true" />
    <string name="non_personalized_ads">true</string>
    <boolean name="deferred_analytics_collection" value="false" />
    <int name="consent_source" value="-20" />
    <string name="previous_os_version">13</string>
    <string name="consent_settings">G101</string>
    <boolean name="measurement_enabled" value="true" />
    <boolean name="has_been_opened" value="true" />
    <string name="health_monitor:value">2EC151001:Task exception on worker thread: java.lang.IllegalStateException: m7.rf.B(:com.google.android.gms.dynamite_measurementdynamite@260235029@26.02.35 (190400-0):38)</string>
    <boolean name="allow_remote_dynamite" value="true" />
    <long name="last_pause_time" value="1770410750684" />
    <boolean name="start_new_session" value="false" />
    <string name="dma_consent_settings">-20:0</string>
    <long name="health_monitor:count" value="1" />
</map>
