<?xml version='1.0' encoding='utf-8' standalone='yes' ?>
<map>
    <string name="bnc_push_identifier">bnc_no_value</string>
    <boolean name="bnc_ad_network_callouts_disabled" value="false" />
    <string name="bnc_google_play_install_referrer_extras">bnc_no_value</string>
    <string name="bnc_initial_referrer">android-app://com.android.launcher3</string>
    <boolean name="bnc_is_full_app_conversion" value="false" />
    <string name="bnc_consumer_protection_attribution_level">FULL</string>
    <string name="bnc_link_click_id">bnc_no_value</string>
    <string name="bnc_external_intent_extra">bnc_no_value</string>
    <long name="bnc_install_begin_ts" value="1767357245" />
    <string name="bnc_randomized_device_token">1546288353694185170</string>
    <long name="bnc_last_known_update_time" value="1769902042298" />
    <string name="bnc_user_url">https://peacocktv.app.link?%24randomized_bundle_token=1546288354230996744</string>
    <string name="bnc_session_params">bnc_no_value</string>
    <long name="bnc_original_install_time" value="1769902042298" />
    <string name="bnc_branch_key">key_live_dqfzSZsUhUGdLo2ZntCRTlchFri69Kxd</string>
    <string name="bnc_session_id">1546288354235250630</string>
    <string name="bnc_app_store_source">PlayStore</string>
    <string name="bnc_link_click_identifier">bnc_no_value</string>
    <string name="skip_url_format_key">{&quot;version&quot;:1,&quot;uri_skip_list&quot;:[&quot;^fb\\d+:((?!campaign_ids).)*$&quot;,&quot;^li\\d+:&quot;,&quot;^pdk\\d+:&quot;,&quot;^twitterkit-.*:&quot;,&quot;^com\\.googleusercontent\\.apps\\.\\d+-.*:\\\/oauth&quot;,&quot;^(?i).+:.*[?].*\\b(password|o?auth|o?auth.?token|access|access.?token)\\b&quot;]}</string>
    <string name="bnc_anon_id">ed3858d8-23ac-44b4-b36f-a7c1b1562a72</string>
    <long name="bnc_install_begin_server_ts" value="1767357246" />
    <string name="bnc_app_link">bnc_no_value</string>
    <string name="bnc_randomly_generated_uuid">1d0fdd9a-faec-404f-b2b5-b81d62fb8d63</string>
    <string name="bnc_branch_key_source">init_function</string>
    <string name="bnc_app_version">6.12.11</string>
    <string name="bnc_google_search_install_identifier">bnc_no_value</string>
    <string name="bnc_randomized_bundle_token">1546288354230996744</string>
    <long name="bnc_previous_update_time" value="1769902042298" />
    <string name="bnc_install_referrer">bnc_no_value</string>
</map>
