<?xml version='1.0' encoding='utf-8' standalone='yes' ?>
<map>
    <string name="IABUSPrivacy_String">1YNN</string>
    <string name="IABGPP_USP1_OptOut">N</string>
    <string name="IABGPP_HDR_Sections">6_7</string>
    <string name="IABGPP_USP1_Notice">Y</string>
    <boolean name="isOneTrustInitialised" value="true" />
    <string name="IABGPP_USP1_LSPACovered">N</string>
    <string name="IABGPP_GppSID">6_7</string>
    <string name="oneTrustCurrentVersionKey">202402.1.0.0</string>
    <boolean name="bg_startup_tracing" value="false" />
    <int name="IABGPP_USP1_Version" value="1" />
    <string name="IABGPP_7_String">BVQqAAAAAg</string>
    <string name="IABGPP_6_String">1YNN</string>
    <int name="IABGPP_HDR_Version" value="1" />
    <string name="IABGPP_HDR_GppString">DBABzw~1YNN~BVQqAAAAAg</string>
</map>
