<?xml version='1.0' encoding='utf-8' standalone='yes' ?>
<map>
    <long name="first_open_time" value="1769902076109" />
    <string name="gmp_app_id">1:51706285689:android:e63a63cd601d37dd0d8ea8</string>
    <string name="app_instance_id">4ccc26d9161c65a09f859a68df0dc844</string>
    <long name="session_id" value="1769902076" />
    <boolean name="app_backgrounded" value="false" />
    <long name="health_monitor:start" value="1769902076702" />
    <boolean name="use_service" value="true" />
    <boolean name="deferred_analytics_collection" value="false" />
    <string name="previous_os_version">13</string>
    <boolean name="has_been_opened" value="true" />
    <boolean name="allow_remote_dynamite" value="true" />
    <long name="last_pause_time" value="1769902183488" />
    <boolean name="start_new_session" value="false" />
</map>
