<?xml version='1.0' encoding='utf-8' standalone='yes' ?>
<map>
    <int name="mp::connection:timeout:identity" value="30" />
    <boolean name="mp::reportUncaughtExceptions" value="false" />
    <int name="mp::uploadInterval" value="600" />
    <int name="mp::sessionTimeout" value="60" />
    <string name="mp::etag">763a598c78c6c4ebbfd3e64a337d116e</string>
    <long name="mp::mpid::identity" value="-6502570867488459525" />
    <string name="pmk">[&quot;mp_message&quot;,&quot;com.urbanairship.push.ALERT&quot;,&quot;alert&quot;,&quot;a&quot;,&quot;message&quot;,&quot;lp_message&quot;,&quot;gcm.notification.body&quot;]</string>
    <string name="mp::integrationattributes">{&quot;160&quot;:{&quot;app_instance_id&quot;:&quot;4ccc26d9161c65a09f859a68df0dc844&quot;}}</string>
    <string name="mp::identity::api::context">null</string>
    <boolean name="is_mig_kit_sp" value="true" />
    <int name="mp::environment" value="2" />
    <string name="mp::device-app-stamp">aaffe9e5-ca52-48e5-a10c-b98fc8289372</string>
    <string name="mp::config::apisecret">wvLZm4BJUUPii0NKxIleh1WBl2HmE6blSdeIgBFUDN_HboQMzoIYd6Mh86xKv5ne</string>
    <long name="json_timestamp" value="1769902186592" />
    <string name="mp::user_config_collection">[-6502570867488459525,4065142866345697370]</string>
    <string name="json">{&quot;dt&quot;:&quot;ac&quot;,&quot;id&quot;:&quot;9a05ead4-32f7-438c-8aac-be8a6cc15d62&quot;,&quot;ct&quot;:1769902185383,&quot;dbg&quot;:false,&quot;cue&quot;:&quot;appdefined&quot;,&quot;pmk&quot;:[&quot;mp_message&quot;,&quot;com.urbanairship.push.ALERT&quot;,&quot;alert&quot;,&quot;a&quot;,&quot;message&quot;,&quot;lp_message&quot;,&quot;gcm.notification.body&quot;],&quot;cnp&quot;:&quot;appdefined&quot;,&quot;soc&quot;:0,&quot;oo&quot;:false,&quot;lsv&quot;:&quot;4.1.0&quot;,&quot;rdlat&quot;:true,&quot;inhd&quot;:false,&quot;iasr&quot;:false,&quot;wst&quot;:&quot;892D7506&quot;,&quot;amw&quot;:90,&quot;dpr&quot;:{&quot;dtpn&quot;:{&quot;blok&quot;:{&quot;ev&quot;:false,&quot;ea&quot;:false,&quot;ua&quot;:false,&quot;id&quot;:false},&quot;vers&quot;:{&quot;version&quot;:1,&quot;data_plan_id&quot;:&quot;peacock_data_master_v1&quot;,&quot;last_modified_on&quot;:&quot;2025-11-10T21:18:55.15Z&quot;,&quot;version_document&quot;:{&quot;data_points&quot;:[]}}}},&quot;crml&quot;:1024000,&quot;dur&quot;:false,&quot;flags&quot;:{&quot;AudienceAPI&quot;:&quot;True&quot;},&quot;atos&quot;:0,&quot;pio&quot;:30}</string>
    <string name="wst">892D7506</string>
    <string name="mp::config::apikey">us1-4d408f77e49e504ba5e541c2c38f5c60</string>
</map>
