<?xml version='1.0' encoding='utf-8' standalone='yes' ?>
<map>
    <boolean name="mp::known_user" value="false" />
    <long name="mp::lastusedate" value="1769902095372" />
    <string name="mp::session::previous_id">E4601AF5-504D-48CB-8515-F6D35938E3D3</string>
    <int name="mp::totalruns" value="1" />
    <string name="mp::cookies">{&quot;uid&quot;:{&quot;c&quot;:&quot;g=aaffe9e5-ca52-48e5-a10c-b98fc8289372&quot;,&quot;e&quot;:&quot;2036-01-29T23:28:28.2524822Z&quot;}}</string>
    <long name="mp::first_seen" value="1769902081601" />
    <long name="mp::last_seen" value="1769902136191" />
    <long name="mp::session::previous_start" value="1769902095252" />
    <int name="mp::launch_since_upgrade" value="1" />
    <long name="mp::time_in_fg" value="37567" />
    <int name="mp::breadcrumbs::sessioncount" value="1" />
</map>
