<?xml version='1.0' encoding='utf-8' standalone='yes' ?>
<map>
    <boolean name="mp::known_user" value="true" />
    <long name="mp::lastusedate" value="1769902184472" />
    <string name="mp::session::previous_id">603A840A-4025-4AA1-AE82-432D026158AD</string>
    <int name="mp::totalruns" value="2" />
    <string name="mp::cookies">{&quot;uid&quot;:{&quot;c&quot;:&quot;g=aaffe9e5-ca52-48e5-a10c-b98fc8289372&quot;,&quot;e&quot;:&quot;2036-01-29T23:28:28.2524822Z&quot;}}</string>
    <long name="mp::first_seen" value="1769902136192" />
    <string name="mp::user_ids::">[{&quot;n&quot;:1,&quot;i&quot;:&quot;FlDwLM3A3eVNA\/TRzpdIriEvw2EecjrwdV3\/e3LW\/v0=&quot;,&quot;dfs&quot;:1769902136174,&quot;f&quot;:true},{&quot;n&quot;:7,&quot;i&quot;:&quot;aonosumika0181@gmail.com&quot;,&quot;dfs&quot;:1769902136175,&quot;f&quot;:true},{&quot;n&quot;:14,&quot;i&quot;:&quot;aonosumika0181@gmail.com&quot;,&quot;dfs&quot;:1769902136175,&quot;f&quot;:true}]</string>
    <long name="mp::last_seen" value="1769902188119" />
    <long name="mp::session::previous_start" value="1769902184306" />
    <int name="mp::launch_since_upgrade" value="2" />
    <long name="mp::time_in_fg" value="3952" />
    <int name="mp::breadcrumbs::sessioncount" value="2" />
</map>
