<?xml version='1.0' encoding='utf-8' standalone='yes' ?>
<map>
    <boolean name="mp::crashed_in_foreground" value="true" />
    <boolean name="mp::firstrun::astus1-4d408f77e49e504ba5e541c2c38f5c60" value="false" />
    <long name="mp::ict" value="1769902095372" />
    <string name="mp::rampudid">8fd97f2b7c41d4b8</string>
    <long name="mp::upgrade_date" value="1769902095372" />
    <boolean name="mp::firstrun::install" value="false" />
    <boolean name="mp::firstrun::messageus1-4d408f77e49e504ba5e541c2c38f5c60" value="false" />
    <int name="mp::events::counter" value="7" />
    <string name="mp::install_referrer">utm_source=google-play&amp;utm_medium=organic</string>
    <long name="mp::memthreshold" value="226492416" />
    <int name="mp::initupgrade" value="124061211" />
    <long name="mp::totalmem" value="8070635520" />
    <int name="mp::version::counter" value="124061211" />
</map>
