<?xml version='1.0' encoding='utf-8' standalone='yes' ?>
<map>
    <string name="ott-platform">ANDROID</string>
    <string name="experiments">aaMeg|AndroidAA:control</string>
    <string name="sampling">true</string>
    <string name="language">en</string>
    <string name="isInFailoverMode">false</string>
    <string name="networkDisconnectCause">N/A</string>
    <string name="userId">AAAAFH52CvIn+33+TKb/9G7LDax+oA5nqaxeaaZRSR5CEFtb82ww6nShcCg3J8DSBQ7KKJhgTx5VctAzsUQYmiRflRXB53pCvKVgrg==</string>
    <string name="isNetworkConnected">true</string>
    <string name="ott-device">MOBILE</string>
    <string name="networkSpeed">Fast</string>
    <string name="activeTerritory">US</string>
    <string name="currentConfigurationVersion">6.12.10+8</string>
    <string name="profileId">2ec0e794-afa8-4938-9389-914bbe23363f</string>
    <string name="networkType">Wifi</string>
    <string name="nRelicId">AAAAFH52CvIn+33+TKb/9G7LDax+oA5nqaxeaaZRSR5CEFtb82ww6nShcCg3J8DSBQ7KKJhgTx5VctAzsUQYmiRflRXB53pCvKVgrg==</string>
    <string name="deviceGroup">Phone</string>
    <string name="territory">US</string>
</map>
