<?xml version='1.0' encoding='utf-8' standalone='yes' ?>
<map>
    <long name="ADOBEMOBILE_VISITORID_SYNC" value="1769902189" />
    <string name="ADOBEMOBILE_PERSISTED_MID">22353456509595342258696362776691634611</string>
    <long name="ADOBEMOBILE_VISITORID_TTL" value="604800" />
    <string name="ADOBEMOBILE_PERSISTED_MID_HINT">7</string>
    <string name="ADOBEMOBILE_PERSISTED_MID_BLOB">j8Odv6LonN4r3an7LhD3WZrU1bUpAkFkkiY1ncBR96t2PTI</string>
    <string name="ADOBEMOBILE_VISITORID_IDS">&amp;d_cid_ic=chash%01FlDwLM3A3eVNA/TRzpdIriEvw2EecjrwdV3/e3LW/v0=%011</string>
</map>
