{
  "version": "83.7",
  "log_list_timestamp": "2026-02-04T12:53:13Z",
  "operators": [
    {
      "name": "Google",
      "email": [
        "google-ct-logs@googlegroups.com"
      ],
      "logs": [
        {
          "description": "Google 'Argon2026h1' log",
          "log_id": "DleUvPOuqT4zGyyZB7P3kN+bwj1xMiXdIaklrGHFTiE=",
          "key": "MFkwEwYHKoZIzj0CAQYIKoZIzj0DAQcDQgAEB/we6GOO/xwxivy4HhkrYFAAPo6e2nc346Wo2o2U+GvoPWSPJz91s/xrEvA3Bk9kWHUUXVZS5morFEzsgdHqPg==",
          "url": "https://ct.googleapis.com/logs/us1/argon2026h1/",
          "mmd": 86400,
          "state": {
            "usable": {
              "timestamp": "2024-09-30T22:19:27Z"
            }
          },
          "temporal_interval": {
            "start_inclusive": "2026-01-01T00:00:00Z",
            "end_exclusive": "2026-07-01T00:00:00Z"
          }
        },
        {
          "description": "Google 'Argon2026h2' log",
          "log_id": "1219ENGn9XfCx+lf1wC/+YLJM1pl4dCzAXMXwMjFaXc=",
          "key": "MFkwEwYHKoZIzj0CAQYIKoZIzj0DAQcDQgAEKjpni/66DIYrSlGK6Rf+e6F2c/28ZUvDJ79N81+gyimAESAyeNZ++TRgjHWg9TVQnKHTSU0T1TtqDupFnSQTIg==",
          "url": "https://ct.googleapis.com/logs/us1/argon2026h2/",
          "mmd": 86400,
          "state": {
            "usable": {
              "timestamp": "2024-09-30T22:19:27Z"
            }
          },
          "temporal_interval": {
            "start_inclusive": "2026-07-01T00:00:00Z",
            "end_exclusive": "2027-01-01T00:00:00Z"
          }
        },
        {
          "description": "Google 'Argon2027h1'",
          "log_id": "1tWNqdAXU/NqSqDHV0kCr+vH3CzTjNn3ZMgMiRkenwI=",
          "key": "MFkwEwYHKoZIzj0CAQYIKoZIzj0DAQcDQgAEKHRm0H/zUaFA6Idz5cGvGO3tCPQyfGMgJmVBOPyKAP6mGM1IiNXi4CLomOUyYj0YN74p+eGVApFMsM4h/jzCsA==",
          "url": "https://ct.googleapis.com/logs/us1/argon2027h1/",
          "mmd": 86400,
          "state": {
            "usable": {
              "timestamp": "2025-12-28T00:30:00Z"
            }
          },
          "temporal_interval": {
            "start_inclusive": "2027-01-01T00:00:00Z",
            "end_exclusive": "2027-07-01T00:00:00Z"
          }
        },
        {
          "description": "Google 'Xenon2026h1' log",
          "log_id": "lpdkv1VYl633Q4doNwhCd+nwOtX2pPM2bkakPw/KqcY=",
          "key": "MFkwEwYHKoZIzj0CAQYIKoZIzj0DAQcDQgAEOh/Iu87VkEc0ysoBBCchHOIpPZK7kUXHWj6l1PIS5ujmQ7rze8I4r/wjigVW6wMKMMxjbNk8vvV7lLqU07+ITA==",
          "url": "https://ct.googleapis.com/logs/eu1/xenon2026h1/",
          "mmd": 86400,
          "state": {
            "usable": {
              "timestamp": "2024-09-30T22:19:27Z"
            }
          },
          "temporal_interval": {
            "start_inclusive": "2026-01-01T00:00:00Z",
            "end_exclusive": "2026-07-01T00:00:00Z"
          }
        },
        {
          "description": "Google 'Xenon2026h2' log",
          "log_id": "2AlVO5RPev/IFhlvlE+Fq7D4/F6HVSYPFdEucrtFSxQ=",
          "key": "MFkwEwYHKoZIzj0CAQYIKoZIzj0DAQcDQgAE5Xd4lXEos5XJpcx6TOgyA5Z7/C4duaTbQ6C9aXL5Rbqaw+mW1XDnDX7JlRUninIwZYZDU9wRRBhJmCVopzwFvw==",
          "url": "https://ct.googleapis.com/logs/eu1/xenon2026h2/",
          "mmd": 86400,
          "state": {
            "usable": {
              "timestamp": "2024-09-30T22:19:27Z"
            }
          },
          "temporal_interval": {
            "start_inclusive": "2026-07-01T00:00:00Z",
            "end_exclusive": "2027-01-01T00:00:00Z"
          }
        },
        {
          "description": "Google 'Xenon2027h1'",
          "log_id": "RMK9DOkUDmSlyUoBkwpaobs1lw4A7hEWiWgqHETXtWY=",
          "key": "MFkwEwYHKoZIzj0CAQYIKoZIzj0DAQcDQgAE/6WcA4VRSljIfTdY48+pFRLLtLrmTb88cGDdl8Gv3E2LduG4jgJ3AK5iNMFGhpbRRLi5B3rPlBaXVywuR5IFDg==",
          "url": "https://ct.googleapis.com/logs/eu1/xenon2027h1/",
          "mmd": 86400,
          "state": {
            "usable": {
              "timestamp": "2025-12-28T00:30:00Z"
            }
          },
          "temporal_interval": {
            "start_inclusive": "2027-01-01T00:00:00Z",
            "end_exclusive": "2027-07-01T00:00:00Z"
          }
        }
      ],
      "tiled_logs": []
    },
    {
      "name": "Cloudflare",
      "email": [
        "ct-logs@cloudflare.com"
      ],
      "logs": [
        {
          "description": "Cloudflare 'Nimbus2026'",
          "log_id": "yzj3FYl8hKFEX1vB3fvJbvKaWc1HCmkFhbDLFMMUWOc=",
          "key": "MFkwEwYHKoZIzj0CAQYIKoZIzj0DAQcDQgAE2FxhT6xq0iCATopC9gStS9SxHHmOKTLeaVNZ661488Aq8tARXQV+6+jB0983v5FkRm4OJxPqu29GJ1iG70Ahow==",
          "url": "https://ct.cloudflare.com/logs/nimbus2026/",
          "mmd": 86400,
          "state": {
            "usable": {
              "timestamp": "2024-11-08T18:00:00Z"
            }
          },
          "temporal_interval": {
            "start_inclusive": "2026-01-01T00:00:00Z",
            "end_exclusive": "2027-01-01T00:00:00Z"
          }
        },
        {
          "description": "Cloudflare 'Nimbus2027'",
          "log_id": "TGPcmOWcHauI9h6KPd6uj6tEozd7X5uUw/uhnPzBviY=",
          "key": "MFkwEwYHKoZIzj0CAQYIKoZIzj0DAQcDQgAEYjd/jE0EoAhNBbfcNhrTb7F0x10KZK8r2SDjx1GdjJ75hJrHx2OCQ+BXRjXi+czoREN1u0j9cWl8d6OoPMPogQ==",
          "url": "https://ct.cloudflare.com/logs/nimbus2027/",
          "mmd": 86400,
          "state": {
            "usable": {
              "timestamp": "2025-11-15T00:00:00Z"
            }
          },
          "temporal_interval": {
            "start_inclusive": "2027-01-01T00:00:00Z",
            "end_exclusive": "2028-01-01T00:00:00Z"
          }
        }
      ],
      "tiled_logs": []
    },
    {
      "name": "DigiCert",
      "email": [
        "ctops@digicert.com"
      ],
      "logs": [
        {
          "description": "DigiCert 'Wyvern2026h1'",
          "log_id": "ZBHEbKQS7KeJHKICLgC8q08oB9QeNSer6v7VA8l9zfA=",
          "key": "MFkwEwYHKoZIzj0CAQYIKoZIzj0DAQcDQgAE7Lw0OeKajbeZepHxBXJS2pOJXToHi5ntgKUW2nMhIOuGlofFxtkXum65TBNY1dGD+HrfHge8Fc3ASs0qMXEHVQ==",
          "url": "https://wyvern.ct.digicert.com/2026h1/",
          "mmd": 86400,
          "state": {
            "usable": {
              "timestamp": "2024-11-08T00:00:00Z"
            }
          },
          "temporal_interval": {
            "start_inclusive": "2026-01-01T00:00:00Z",
            "end_exclusive": "2026-07-01T00:00:00Z"
          }
        },
        {
          "description": "DigiCert 'Wyvern2026h2'",
          "log_id": "wjF+V0UZo0XufzjespBB68fCIVoiv3/Vta12mtkOUs0=",
          "key": "MFkwEwYHKoZIzj0CAQYIKoZIzj0DAQcDQgAEenPbSvLeT+zhFBu+pqk8IbhFEs16iCaRIFb1STLDdWzL6XwTdTWcbOzxMTzB3puME5K3rT0PoZyPSM50JxgjmQ==",
          "url": "https://wyvern.ct.digicert.com/2026h2/",
          "mmd": 86400,
          "state": {
            "usable": {
              "timestamp": "2024-11-08T00:00:00Z"
            }
          },
          "temporal_interval": {
            "start_inclusive": "2026-07-01T00:00:00Z",
            "end_exclusive": "2027-01-01T00:00:00Z"
          }
        },
        {
          "description": "DigiCert 'Wyvern2027h1'",
          "log_id": "ABpdGhwtk3W2SFV4+C9xoa5u7zl9KXyK4xV7yt7hoB4=",
          "key": "MFkwEwYHKoZIzj0CAQYIKoZIzj0DAQcDQgAEastxYj1mntGuyv74k4f+yaIx+ZEzlSJ+iVTYWlw8SpSKJ4TfxYWuBhnETlhpyG/5seJn0mOSnVgXsZ1JRflI7g==",
          "url": "https://wyvern.ct.digicert.com/2027h1/",
          "mmd": 86400,
          "state": {
            "usable": {
              "timestamp": "2025-12-20T18:00:00Z"
            }
          },
          "temporal_interval": {
            "start_inclusive": "2027-01-01T00:00:00Z",
            "end_exclusive": "2027-07-01T00:00:00Z"
          }
        },
        {
          "description": "DigiCert 'Wyvern2027h2'",
          "log_id": "N6oHzCFvLm2RnHCdJNj3MbAPKxR8YhzAkaX6GoTYFt0=",
          "key": "MFkwEwYHKoZIzj0CAQYIKoZIzj0DAQcDQgAEuOg8hcgaYT/MShxpag2Hige0zsLzz8vOLZXp6faCdzM+Mn/njyU9ROAuwDxuu88/Grxn46kmehdOKVDFexbdSg==",
          "url": "https://wyvern.ct.digicert.com/2027h2/",
          "mmd": 86400,
          "state": {
            "usable": {
              "timestamp": "2025-12-20T18:00:00Z"
            }
          },
          "temporal_interval": {
            "start_inclusive": "2027-07-01T00:00:00Z",
            "end_exclusive": "2028-01-01T00:00:00Z"
          }
        },
        {
          "description": "DigiCert 'Sphinx2026h1'",
          "log_id": "SZybad4dfOz8Nt7Nh2SmuFuvCoeAGdFVUvvp6ynd+MM=",
          "key": "MFkwEwYHKoZIzj0CAQYIKoZIzj0DAQcDQgAEq4S++DyHokIlmmacritS51r5IRsZA6UH4kYLH4pefGyu/xl3huh7/O5rNk/yvMOeBQKaCAG1SSM1xNNQK1Hp9A==",
          "url": "https://sphinx.ct.digicert.com/2026h1/",
          "mmd": 86400,
          "state": {
            "usable": {
              "timestamp": "2024-11-08T00:00:00Z"
            }
          },
          "temporal_interval": {
            "start_inclusive": "2026-01-01T00:00:00Z",
            "end_exclusive": "2026-07-01T00:00:00Z"
          }
        },
        {
          "description": "DigiCert 'Sphinx2026h2'",
          "log_id": "lE5Dh/rswe+B8xkkJqgYZQHH0184AgE/cmd9VTcuGdg=",
          "key": "MFkwEwYHKoZIzj0CAQYIKoZIzj0DAQcDQgAEquD0JkRQT/2inuaA4HC1sc6UpfiXgURVQmQcInmnZFnTiZMhZvsJgWAfYlU0OIykOC6slQzr7U9kvEVC9wZ6zQ==",
          "url": "https://sphinx.ct.digicert.com/2026h2/",
          "mmd": 86400,
          "state": {
            "usable": {
              "timestamp": "2024-11-08T00:00:00Z"
            }
          },
          "temporal_interval": {
            "start_inclusive": "2026-07-01T00:00:00Z",
            "end_exclusive": "2027-01-01T00:00:00Z"
          }
        },
        {
          "description": "DigiCert 'sphinx2027h1'",
          "log_id": "RqI5Z8YNtkaHxm89+ZmUdpOmphEghFfVVefj0KHZtkY=",
          "key": "MFkwEwYHKoZIzj0CAQYIKoZIzj0DAQcDQgAEvirIq1XPwgwG7BnbMh2zoUbEt+T8z8XAtg9lo8jma+aaTQl8iVCypUFXtLpt4/SHaoUzbvcjDX/6B1IbL3OoIQ==",
          "url": "https://sphinx.ct.digicert.com/2027h1/",
          "mmd": 86400,
          "state": {
            "usable": {
              "timestamp": "2025-12-20T18:00:00Z"
            }
          },
          "temporal_interval": {
            "start_inclusive": "2027-01-01T00:00:00Z",
            "end_exclusive": "2027-07-01T00:00:00Z"
          }
        },
        {
          "description": "DigiCert 'sphinx2027h2'",
          "log_id": "H7D4qS2K3aEhd2wF4qouFbrLxitlOTaVV2qqtS4R0R0=",
          "key": "MFkwEwYHKoZIzj0CAQYIKoZIzj0DAQcDQgAEUCe23M889mAsUVeTTBcNsAmP374ZWQboLdR8RdGwM3VZ6P/sDwhrL7wK4zrXPh3HwLDDLxDjvRBeivUSbpZSwA==",
          "url": "https://sphinx.ct.digicert.com/2027h2/",
          "mmd": 86400,
          "state": {
            "usable": {
              "timestamp": "2025-12-20T18:00:00Z"
            }
          },
          "temporal_interval": {
            "start_inclusive": "2027-07-01T00:00:00Z",
            "end_exclusive": "2028-01-01T00:00:00Z"
          }
        }
      ],
      "tiled_logs": []
    },
    {
      "name": "Sectigo",
      "email": [
        "ctops@sectigo.com"
      ],
      "logs": [
        {
          "description": "Sectigo 'Mammoth2026h1'",
          "log_id": "JS+Uwisp6W6fQRpyBytpXFtS/5epDSVAu/zcUexN7gs=",
          "key": "MFkwEwYHKoZIzj0CAQYIKoZIzj0DAQcDQgAEnssMilHMiuILzoXmr00x2xtqTP2weWuZl8Bd+25FUB1iqsafm2sFPaKrK12Im1Ao4p5YpaX6+eP6FSXjFBMyxA==",
          "url": "https://mammoth2026h1.ct.sectigo.com/",
          "mmd": 86400,
          "state": {
            "readonly": {
              "timestamp": "2025-09-18T17:20:00Z",
              "final_tree_head": {
                "sha256_root_hash": "N7bqzTXnPktVFG8/h3gi5pcuxCo+mfWyv+XlIIS4cEU=",
                "tree_size": 65240567
              }
            }
          },
          "temporal_interval": {
            "start_inclusive": "2026-01-01T00:00:00Z",
            "end_exclusive": "2026-07-01T00:00:00Z"
          }
        },
        {
          "description": "Sectigo 'Mammoth2026h2'",
          "log_id": "lLHBirDQV8R74KwEDh8svI3DdXJ7yVHyClJhJoY7pzw=",
          "key": "MFkwEwYHKoZIzj0CAQYIKoZIzj0DAQcDQgAE7INh8te0u+TkO+vIY3WYz2GQYxQ9XyLfdLpQp1ibaX3mY4lt2ddRhD/4AtjI/8KXceV+J/VysY8kJ1cKDXTAtg==",
          "url": "https://mammoth2026h2.ct.sectigo.com/",
          "mmd": 86400,
          "state": {
            "readonly": {
              "timestamp": "2025-09-18T17:20:00Z",
              "final_tree_head": {
                "sha256_root_hash": "vJHecZC18lG3qp9lV2jZoi+7nkPHQx2SmM4VWglNsIk=",
                "tree_size": 57634084
              }
            }
          },
          "temporal_interval": {
            "start_inclusive": "2026-07-01T00:00:00Z",
            "end_exclusive": "2027-01-01T00:00:00Z"
          }
        },
        {
          "description": "Sectigo 'Sabre2026h1'",
          "log_id": "VmzVo3a+g9/jQrZ1xJwjJJinabrDgsurSaOHfZqzLQE=",
          "key": "MFkwEwYHKoZIzj0CAQYIKoZIzj0DAQcDQgAEhCa8Nr3YjTyHnuAQr82U2de5UYA0fvdYXHPq6wmTuBB7kJx9x82WQ+1TbpUhRmdR8N62yZ6q4oBtziWBNNdqYA==",
          "url": "https://sabre2026h1.ct.sectigo.com/",
          "mmd": 86400,
          "state": {
            "readonly": {
              "timestamp": "2025-09-18T17:20:00Z",
              "final_tree_head": {
                "sha256_root_hash": "ONxslVVBTXcSuBVlFOVDuNQoTCdDNLCRVHoHfNLMZfo=",
                "tree_size": 88744201
              }
            }
          },
          "temporal_interval": {
            "start_inclusive": "2026-01-01T00:00:00Z",
            "end_exclusive": "2026-07-01T00:00:00Z"
          }
        },
        {
          "description": "Sectigo 'Sabre2026h2'",
          "log_id": "H1bRq5RwSkHdP+r99GmTVTAsFDG/5hNGCJ//rnldzC8=",
          "key": "MFkwEwYHKoZIzj0CAQYIKoZIzj0DAQcDQgAEzjXK7DkHgtp3J4bk8n7F3Djym6mrjKfA7YMePmobwPCVVroyM0x1fAkH6eE+ZTVj8Em+ctGqna99CMS0jVk9cw==",
          "url": "https://sabre2026h2.ct.sectigo.com/",
          "mmd": 86400,
          "state": {
            "readonly": {
              "timestamp": "2025-09-18T17:20:00Z",
              "final_tree_head": {
                "sha256_root_hash": "HWG3vP/FX6JRs5yyXDfrNoUA7D6TZAib9ZE2Llno0II=",
                "tree_size": 68732791
              }
            }
          },
          "temporal_interval": {
            "start_inclusive": "2026-07-01T00:00:00Z",
            "end_exclusive": "2027-01-01T00:00:00Z"
          }
        },
        {
          "description": "Sectigo 'Elephant2026h1'",
          "log_id": "0W6ppWgHfmY1oD83pd28A6U8QRIU1IgY9ekxsyPLlQQ=",
          "key": "MFkwEwYHKoZIzj0CAQYIKoZIzj0DAQcDQgAEU0lqnPHoXuU9Fc9dJv1HQZCvssJfvxLsirwVQ/fkFyUqeu4inwPKikeT4DGyyWWH4NR/DCJa2bAumHrXJdAcaQ==",
          "url": "https://elephant2026h1.ct.sectigo.com/",
          "mmd": 86400,
          "state": {
            "usable": {
              "timestamp": "2025-07-22T01:33:20Z"
            }
          },
          "temporal_interval": {
            "start_inclusive": "2026-01-01T00:00:00Z",
            "end_exclusive": "2026-07-01T00:00:00Z"
          }
        },
        {
          "description": "Sectigo 'Elephant2026h2'",
          "log_id": "r2eIO1ewTt2Pptl+9i6o64EKx3Fg8CReVdYML+eFhzo=",
          "key": "MFkwEwYHKoZIzj0CAQYIKoZIzj0DAQcDQgAEO/t4Uwkoou78zkCchh9tfAKbIUJmbOoUAb8szD8StnnHFKAVY5kq1Ljs8YD7CfzdD7xcVjmQYpbtNUhxRMRtmA==",
          "url": "https://elephant2026h2.ct.sectigo.com/",
          "mmd": 86400,
          "state": {
            "usable": {
              "timestamp": "2025-07-22T01:33:20Z"
            }
          },
          "temporal_interval": {
            "start_inclusive": "2026-07-01T00:00:00Z",
            "end_exclusive": "2027-01-01T00:00:00Z"
          }
        },
        {
          "description": "Sectigo 'Elephant2027h1'",
          "log_id": "YEyar3p/d18B1Ab8kg3ImesLHH34yVIb+voXdzuXi8k=",
          "key": "MFkwEwYHKoZIzj0CAQYIKoZIzj0DAQcDQgAE4fu36JygUwaaVO+ddWJ97FJZlA5SjPLmT+RHwg0pavkIrbT1b5LNQrsaEw0CoGraf7BkzKZf7PC8gYAScw2woA==",
          "url": "https://elephant2027h1.ct.sectigo.com/",
          "mmd": 86400,
          "state": {
            "usable": {
              "timestamp": "2025-07-22T01:33:20Z"
            }
          },
          "temporal_interval": {
            "start_inclusive": "2027-01-01T00:00:00Z",
            "end_exclusive": "2027-07-01T00:00:00Z"
          }
        },
        {
          "description": "Sectigo 'Elephant2027h2'",
          "log_id": "okkM3NuOM6QAMhdg1tTVGiA2GR6nfZaL4mqKAPb///c=",
          "key": "MFkwEwYHKoZIzj0CAQYIKoZIzj0DAQcDQgAECTPhpJnRFroRRpP/1DdAns+PrnmUywtqIV+EeL4Jg8zKouoW7kuAkYo+kZeoHtyK7CBhflIlMk7T2Qrn4w/t8g==",
          "url": "https://elephant2027h2.ct.sectigo.com/",
          "mmd": 86400,
          "state": {
            "usable": {
              "timestamp": "2025-07-22T01:33:20Z"
            }
          },
          "temporal_interval": {
            "start_inclusive": "2027-07-01T00:00:00Z",
            "end_exclusive": "2028-01-01T00:00:00Z"
          }
        },
        {
          "description": "Sectigo 'Tiger2026h1'",
          "log_id": "FoMtq/CpJQ8P8DqlRf/Iv8gj0IdL9gQpJ/jnHzMT9fo=",
          "key": "MFkwEwYHKoZIzj0CAQYIKoZIzj0DAQcDQgAE73eDJyszDbzsWcgI0nbtU0+y11gQWjNjS/RSO5P4hOSFE+pPrDCtfNPHe6dq7/XQYwOFt9Feb8TwQW+mqXN5xg==",
          "url": "https://tiger2026h1.ct.sectigo.com/",
          "mmd": 86400,
          "state": {
            "usable": {
              "timestamp": "2025-09-18T23:00:00Z"
            }
          },
          "temporal_interval": {
            "start_inclusive": "2026-01-01T00:00:00Z",
            "end_exclusive": "2026-07-01T00:00:00Z"
          }
        },
        {
          "description": "Sectigo 'Tiger2026h2'",
          "log_id": "yKPEf8ezrbk1awE/anoSbeM6TkOlxkb5l605dZkdz5o=",
          "key": "MFkwEwYHKoZIzj0CAQYIKoZIzj0DAQcDQgAEfJFUD/FRkonvZIA9ZT1J3yvA4EpSp3innbIVpMTDR1oCe5vguapheQ7wYiWaCES1EL1B+2BEC+P5bUfwF44lnA==",
          "url": "https://tiger2026h2.ct.sectigo.com/",
          "mmd": 86400,
          "state": {
            "usable": {
              "timestamp": "2025-09-18T23:00:00Z"
            }
          },
          "temporal_interval": {
            "start_inclusive": "2026-07-01T00:00:00Z",
            "end_exclusive": "2027-01-01T00:00:00Z"
          }
        },
        {
          "description": "Sectigo 'Tiger2027h1'",
          "log_id": "HJ9oLOn68EVpUPgbloqH3dsyENhM5siy44JSSsTPWZ8=",
          "key": "MFkwEwYHKoZIzj0CAQYIKoZIzj0DAQcDQgAEmMQofpsDjCVYzF4jXdFWM/ioYBJIPcsQQrNAHE6v4lOsADoI+/jN1lph8x4K3NgnXDXwmyJcFwRYgVOBMhaYhA==",
          "url": "https://tiger2027h1.ct.sectigo.com/",
          "mmd": 86400,
          "state": {
            "usable": {
              "timestamp": "2025-09-18T23:00:00Z"
            }
          },
          "temporal_interval": {
            "start_inclusive": "2027-01-01T00:00:00Z",
            "end_exclusive": "2027-07-01T00:00:00Z"
          }
        },
        {
          "description": "Sectigo 'Tiger2027h2'",
          "log_id": "A4AqwmL24F4D+Lxve5hRMk/Xaj31t1lRdeIi+46b1fY=",
          "key": "MFkwEwYHKoZIzj0CAQYIKoZIzj0DAQcDQgAEb0AgkemhsPmYe1goCSy5ncf2lG9vtK6f+SzODKJMYEgPOT+z93cUEKM1EaTuo09rozfdqhjeihIl25y9A3JhyQ==",
          "url": "https://tiger2027h2.ct.sectigo.com/",
          "mmd": 86400,
          "state": {
            "usable": {
              "timestamp": "2025-09-18T23:00:00Z"
            }
          },
          "temporal_interval": {
            "start_inclusive": "2027-07-01T00:00:00Z",
            "end_exclusive": "2028-01-01T00:00:00Z"
          }
        }
      ],
      "tiled_logs": []
    },
    {
      "name": "Let's Encrypt",
      "email": [
        "sre@letsencrypt.org"
      ],
      "logs": [
        {
          "description": "Let's Encrypt 'Oak2026h1'",
          "log_id": "GYbUxyiqb/66A294Kk0BkarOLXIxD67OXXBBLSVMx9Q=",
          "key": "MFkwEwYHKoZIzj0CAQYIKoZIzj0DAQcDQgAEmdRhcCL6d5MNs8eAliJRvyV5sQFC6UF7iwzHsmVaifT64gJG1IrHzBAHESdFSJAjQN56TYky+9cK616MovH2SQ==",
          "url": "https://oak.ct.letsencrypt.org/2026h1/",
          "mmd": 86400,
          "state": {
            "readonly": {
              "timestamp": "2025-12-12T22:30:00Z",
              "final_tree_head": {
                "sha256_root_hash": "deSRNfTNPgd9wfzoXIznvi+QUTxuK0R+daC6JGKGK3Q=",
                "tree_size": 598614696
              }
            }
          },
          "temporal_interval": {
            "start_inclusive": "2025-12-20T00:00:00Z",
            "end_exclusive": "2026-07-20T00:00:00Z"
          }
        },
        {
          "description": "Let's Encrypt 'Oak2026h2'",
          "log_id": "rKswcGzr7IQx9BPS9JFfER5CJEOx8qaMTzwrO6ceAsM=",
          "key": "MFkwEwYHKoZIzj0CAQYIKoZIzj0DAQcDQgAEanCds5bj7IU2lcNPnIvZfMnVkSmu69aH3AS8O/Y0D/bbCPdSqYjvuz9Z1tT29PxcqYxf+w1g5CwPFuwqsm3rFQ==",
          "url": "https://oak.ct.letsencrypt.org/2026h2/",
          "mmd": 86400,
          "state": {
            "readonly": {
              "timestamp": "2025-12-12T22:30:00Z",
              "final_tree_head": {
                "sha256_root_hash": "uTgg1k3DUbSFFdXewyyxbsQuCc9RupplMphTwtXqvf4=",
                "tree_size": 130815692
              }
            }
          },
          "temporal_interval": {
            "start_inclusive": "2026-06-20T00:00:00Z",
            "end_exclusive": "2027-01-20T00:00:00Z"
          }
        }
      ],
      "tiled_logs": [
        {
          "description": "Let's Encrypt 'Sycamore2026h1'",
          "log_id": "pcl4kl1XRheChw3YiWYLXFVki30AQPLsB2hR0YhpGfc=",
          "key": "MFkwEwYHKoZIzj0CAQYIKoZIzj0DAQcDQgAEfEEe0JZknA91/c6eNl1aexgeKzuGQUMvRCXPXg9L227O5I4Pi++Abcpq6qxlVUKPYafAJelAnMfGzv3lHCc8gA==",
          "submission_url": "https://log.sycamore.ct.letsencrypt.org/2026h1/",
          "monitoring_url": "https://mon.sycamore.ct.letsencrypt.org/2026h1/",
          "mmd": 60,
          "state": {
            "usable": {
              "timestamp": "2025-11-27T03:00:00Z"
            }
          },
          "temporal_interval": {
            "start_inclusive": "2025-12-18T00:00:00Z",
            "end_exclusive": "2026-06-18T00:00:00Z"
          }
        },
        {
          "description": "Let's Encrypt 'Sycamore2026h2'",
          "log_id": "bP5QGUOoXqkWvFLRM+TcyR7xQRx9JYQg0XOAnhgY6zo=",
          "key": "MFkwEwYHKoZIzj0CAQYIKoZIzj0DAQcDQgAEwR1FtiiMbpvxR+sIeiZ5JSCIDIdTAPh7OrpdchcrCcyNVDvNUq358pqJx2qdyrOI+EjGxZ7UiPcN3bL3Q99FqA==",
          "submission_url": "https://log.sycamore.ct.letsencrypt.org/2026h2/",
          "monitoring_url": "https://mon.sycamore.ct.letsencrypt.org/2026h2/",
          "mmd": 60,
          "state": {
            "usable": {
              "timestamp": "2025-11-27T03:00:00Z"
            }
          },
          "temporal_interval": {
            "start_inclusive": "2026-06-18T00:00:00Z",
            "end_exclusive": "2026-12-17T00:00:00Z"
          }
        },
        {
          "description": "Let's Encrypt 'Sycamore2027h1'",
          "log_id": "jspHC6zeavOiBrCkeoS3Rv4fxr+VPiXmm07kAkjzxug=",
          "key": "MFkwEwYHKoZIzj0CAQYIKoZIzj0DAQcDQgAEWrGdYyZYB7teCS4K/oKIsbV0yVBSgjlOwO22OOCoA6Y252QhFzC8Wg7oVXVKqfkWaSaM/n+3pfCBf4BAkpdx8g==",
          "submission_url": "https://log.sycamore.ct.letsencrypt.org/2027h1/",
          "monitoring_url": "https://mon.sycamore.ct.letsencrypt.org/2027h1/",
          "mmd": 60,
          "state": {
            "usable": {
              "timestamp": "2025-11-27T03:00:00Z"
            }
          },
          "temporal_interval": {
            "start_inclusive": "2026-12-17T00:00:00Z",
            "end_exclusive": "2027-06-18T00:00:00Z"
          }
        },
        {
          "description": "Let's Encrypt 'Sycamore2027h2'",
          "log_id": "5eNiR9ku9K2jhYO1NZHbcp/C8ArktnRRdNPd/GqiU4g=",
          "key": "MFkwEwYHKoZIzj0CAQYIKoZIzj0DAQcDQgAEK+2zy2UWRMIyC2jU46+rj8UsyMjLsQIr1Y/6ClbdpWGthUb8y3Maf4zfAZTWW+AH9wAWPLRL5vmtz7Zkh2f2nA==",
          "submission_url": "https://log.sycamore.ct.letsencrypt.org/2027h2/",
          "monitoring_url": "https://mon.sycamore.ct.letsencrypt.org/2027h2/",
          "mmd": 60,
          "state": {
            "usable": {
              "timestamp": "2025-11-27T03:00:00Z"
            }
          },
          "temporal_interval": {
            "start_inclusive": "2027-06-18T00:00:00Z",
            "end_exclusive": "2027-12-16T00:00:00Z"
          }
        },
        {
          "description": "Let's Encrypt 'Willow2026h1'",
          "log_id": "4yON8o2iiOCq4Kzw+pDJhfC2v/XSpSewAfwcRFjEtug=",
          "key": "MFkwEwYHKoZIzj0CAQYIKoZIzj0DAQcDQgAEtpFyulwgy1+u+wYQ37lbV+HsPFNYoi4sy6dZP662N/Z/usdNi4+Q3RLES1RY2PNk7zL/7VPSn3JERMPu/s4e4A==",
          "submission_url": "https://log.willow.ct.letsencrypt.org/2026h1/",
          "monitoring_url": "https://mon.willow.ct.letsencrypt.org/2026h1/",
          "mmd": 60,
          "state": {
            "usable": {
              "timestamp": "2025-11-27T03:00:00Z"
            }
          },
          "temporal_interval": {
            "start_inclusive": "2025-12-17T00:00:00Z",
            "end_exclusive": "2026-06-17T00:00:00Z"
          }
        },
        {
          "description": "Let's Encrypt 'Willow2026h2'",
          "log_id": "qCbL4wrGNRJGUz/gZfFPGdluGQgTxB3ZbXkAsxI8VSc=",
          "key": "MFkwEwYHKoZIzj0CAQYIKoZIzj0DAQcDQgAEp8wH8R6zfM+UhsQq5un+lPdNTDkzcgkWLi1DwyqU6T00mtP5/CuGjvpw4mIz89I6KV5ZvhRHt5ZTF6qe24pqiA==",
          "submission_url": "https://log.willow.ct.letsencrypt.org/2026h2/",
          "monitoring_url": "https://mon.willow.ct.letsencrypt.org/2026h2/",
          "mmd": 60,
          "state": {
            "usable": {
              "timestamp": "2025-11-27T03:00:00Z"
            }
          },
          "temporal_interval": {
            "start_inclusive": "2026-06-17T00:00:00Z",
            "end_exclusive": "2026-12-16T00:00:00Z"
          }
        },
        {
          "description": "Let's Encrypt 'Willow2027h1'",
          "log_id": "ooEAGHNOF24dR+CVQPOBulRml81jqENQcW64CU7a8Q0=",
          "key": "MFkwEwYHKoZIzj0CAQYIKoZIzj0DAQcDQgAEzsMKtojO0BVB4t59lVyAhxtqObVA+wId5BpJGA8pZrw5GTjzuhpvLu/heQGi0hHCeislkDe34N/2D0SwEUBE0w==",
          "submission_url": "https://log.willow.ct.letsencrypt.org/2027h1/",
          "monitoring_url": "https://mon.willow.ct.letsencrypt.org/2027h1/",
          "mmd": 60,
          "state": {
            "usable": {
              "timestamp": "2025-11-27T03:00:00Z"
            }
          },
          "temporal_interval": {
            "start_inclusive": "2026-12-16T00:00:00Z",
            "end_exclusive": "2027-06-17T00:00:00Z"
          }
        },
        {
          "description": "Let's Encrypt 'Willow2027h2'",
          "log_id": "ppWirZJtb5lujvxJAUJX2LvwRqfWJYm4jcLXh2x45S8=",
          "key": "MFkwEwYHKoZIzj0CAQYIKoZIzj0DAQcDQgAEYbMDg0qQEEYjsTttdDlouTKhg3fRiMJYNE+Epr/2bXyeQdQOHKQNKv5sbIKxjtE/5Vqo9YjQbnaOeH4Wm4PhdQ==",
          "submission_url": "https://log.willow.ct.letsencrypt.org/2027h2/",
          "monitoring_url": "https://mon.willow.ct.letsencrypt.org/2027h2/",
          "mmd": 60,
          "state": {
            "usable": {
              "timestamp": "2025-11-27T03:00:00Z"
            }
          },
          "temporal_interval": {
            "start_inclusive": "2027-06-17T00:00:00Z",
            "end_exclusive": "2027-12-15T00:00:00Z"
          }
        }
      ]
    },
    {
      "name": "TrustAsia",
      "email": [
        "trustasia-ct-logs@trustasia.com"
      ],
      "logs": [
        {
          "description": "TrustAsia 'log2026a'",
          "log_id": "dNudWPfUfp39eHoWKpkcGM9pjafHKZGMmhiwRQ26RLw=",
          "key": "MFkwEwYHKoZIzj0CAQYIKoZIzj0DAQcDQgAEp056yaYH+f907JjLSeEAJLNZLoP9wHA1M0xjynSDwDxbU0B8MR81pF8P5O5PiRfoWy7FrAAFyXY3RZcDFf9gWQ==",
          "url": "https://ct2026-a.trustasia.com/log2026a/",
          "mmd": 86400,
          "state": {
            "usable": {
              "timestamp": "2024-09-20T00:00:00Z"
            }
          },
          "temporal_interval": {
            "start_inclusive": "2025-12-24T00:00:00Z",
            "end_exclusive": "2027-01-08T00:00:00Z"
          }
        },
        {
          "description": "TrustAsia 'log2026b'",
          "log_id": "Jbfv3qETAZPtkweXcKoyKiZiDeNayKp8dRl94LGp4GU=",
          "key": "MFkwEwYHKoZIzj0CAQYIKoZIzj0DAQcDQgAEDxKMqebj7GLu31jIUOYmcHYQtwQ5s6f4THM7wzhaEgBM4NoOFopFMgoxqiLHnX0FU8eelOqbV0a/T6R++9/6hQ==",
          "url": "https://ct2026-b.trustasia.com/log2026b/",
          "mmd": 86400,
          "state": {
            "usable": {
              "timestamp": "2024-09-20T00:00:00Z"
            }
          },
          "temporal_interval": {
            "start_inclusive": "2025-12-24T00:00:00Z",
            "end_exclusive": "2027-01-08T00:00:00Z"
          }
        },
        {
          "description": "TrustAsia 'HETU2027'",
          "log_id": "7drrgVxjITRJtHvlB3kFq9DZMUfCesUUazvFjkPptsc=",
          "key": "MFkwEwYHKoZIzj0CAQYIKoZIzj0DAQcDQgAE14jG8D9suqIVWPtTNOL33uXKZ4mUnnOMrIwOWeZU7GtoDRCWIXfy/9/SC8lTAbtP2NOP4wjIufAk6f64sY4DWg==",
          "url": "https://hetu2027.trustasia.com/hetu2027/",
          "mmd": 86400,
          "state": {
            "usable": {
              "timestamp": "2025-12-28T00:30:00Z"
            }
          },
          "temporal_interval": {
            "start_inclusive": "2026-12-25T00:00:00Z",
            "end_exclusive": "2028-01-08T00:00:00Z"
          }
        }
      ],
      "tiled_logs": [
        {
          "description": "TrustAsia Luoshu2027",
          "log_id": "VzRIzG4dLA3JS2nyh9Hv5IPHolxQxTILuzrep29usEE=",
          "key": "MFkwEwYHKoZIzj0CAQYIKoZIzj0DAQcDQgAEumSYzy6dUQlwTckPzKMKApMRinqxHIBlLfmrvx1SdMH1RTACi1wb1V18ss8YjlaC7Pch2OQa8OfRevub4Y9BDQ==",
          "submission_url": "https://luoshu2027.trustasia.com/luoshu2027/",
          "monitoring_url": "https://luoshu2027.trustasia.com/luoshu2027/",
          "mmd": 60,
          "state": {
            "qualified": {
              "timestamp": "2025-12-02T18:30:00Z"
            }
          },
          "temporal_interval": {
            "start_inclusive": "2026-12-24T00:00:00Z",
            "end_exclusive": "2028-01-08T00:00:00Z"
          }
        }
      ]
    },
    {
      "name": "Geomys",
      "email": [
        "ct@geomys.org"
      ],
      "logs": [
        {
          "description": "Bogus placeholder log to unbreak misbehaving CT libraries",
          "log_id": "LtakTeuPDIZGZ3acTt0EH4QjZ1X6OqymNNCTXfzVmnA=",
          "key": "MFkwEwYHKoZIzj0CAQYIKoZIzj0DAQcDQgAEj4lCAxWCY6SzIthkqZhwiUVzcK62i6Fc+/YS0WHaN6jjO1ITUFuu8beOiU9PdeNmdalZcC3iWovAfApvXS33Nw==",
          "url": "https://ct.example.com/bogus/",
          "mmd": 86400,
          "state": {
            "retired": {
              "timestamp": "2025-06-21T07:00:00Z"
            }
          },
          "temporal_interval": {
            "start_inclusive": "2020-01-01T08:00:00Z",
            "end_exclusive": "2020-01-02T08:00:00Z"
          }
        }
      ],
      "tiled_logs": [
        {
          "description": "Geomys 'Tuscolo2026h1'",
          "log_id": "cX6V88I4im2x44RJPTHhWqliCHYtQgDgBQzQZ7WmYeI=",
          "key": "MFkwEwYHKoZIzj0CAQYIKoZIzj0DAQcDQgAEflxzMg2Ajjg7h1+ZIvQ9LV6yFvdj6uRi9YbvtRnSCgS2SamkH56WcPRaBTRYARPDIr5JwLqgJAVA/NvDxdJXOw==",
          "submission_url": "https://tuscolo2026h1.sunlight.geomys.org/",
          "monitoring_url": "https://tuscolo2026h1.skylight.geomys.org/",
          "mmd": 60,
          "state": {
            "usable": {
              "timestamp": "2025-08-31T07:00:00Z"
            }
          },
          "temporal_interval": {
            "start_inclusive": "2026-01-01T00:00:00Z",
            "end_exclusive": "2026-07-01T00:00:00Z"
          }
        },
        {
          "description": "Geomys 'Tuscolo2026h2'",
          "log_id": "Rq+GPTs+5Z+ld96oJF02sNntIqIj9GF3QSKUUu6VUF8=",
          "key": "MFkwEwYHKoZIzj0CAQYIKoZIzj0DAQcDQgAEaA6P0i7JTsd9XfzF1/76avRWA3XXI4NStsFO/aFtBp6SY7olDEMiPSFSxGzFQjKA1r9vgG/oFQwurlWMy9FQNw==",
          "submission_url": "https://tuscolo2026h2.sunlight.geomys.org/",
          "monitoring_url": "https://tuscolo2026h2.skylight.geomys.org/",
          "mmd": 60,
          "state": {
            "usable": {
              "timestamp": "2025-08-31T07:00:00Z"
            }
          },
          "temporal_interval": {
            "start_inclusive": "2026-07-01T00:00:00Z",
            "end_exclusive": "2027-01-01T00:00:00Z"
          }
        },
        {
          "description": "Geomys 'Tuscolo2027h1'",
          "log_id": "WW5sM4aUsllyolbIoOjdkEp26Ag92oc7AQg4KBQ87lk=",
          "key": "MFkwEwYHKoZIzj0CAQYIKoZIzj0DAQcDQgAEOYwwGoaNpZ/SQW0VNGICP7wGRQsSeEowTRl4DPSdPjSkO/+ouvFH78I8sQTR3FWPZDScALbclBqnqL0ptY8beA==",
          "submission_url": "https://tuscolo2027h1.sunlight.geomys.org/",
          "monitoring_url": "https://tuscolo2027h1.skylight.geomys.org/",
          "mmd": 60,
          "state": {
            "usable": {
              "timestamp": "2025-10-08T21:00:00Z"
            }
          },
          "temporal_interval": {
            "start_inclusive": "2027-01-01T00:00:00Z",
            "end_exclusive": "2027-07-01T00:00:00Z"
          }
        },
        {
          "description": "Geomys 'Tuscolo2027h2'",
          "log_id": "1d5V7roItgyf/BjFE75qYLoARga8WVuWu0T2LMV9Ofo=",
          "key": "MFkwEwYHKoZIzj0CAQYIKoZIzj0DAQcDQgAEIAz2gOD7wIptaiLTnmR4k7AQwp5kFmqmGHY/8JmMJxaSHyAipoFA/YSBCTX7ZowxIkSKpZYGlqLtdLVcLWDS5w==",
          "submission_url": "https://tuscolo2027h2.sunlight.geomys.org/",
          "monitoring_url": "https://tuscolo2027h2.skylight.geomys.org/",
          "mmd": 60,
          "state": {
            "usable": {
              "timestamp": "2025-10-08T21:00:00Z"
            }
          },
          "temporal_interval": {
            "start_inclusive": "2027-07-01T00:00:00Z",
            "end_exclusive": "2028-01-01T00:00:00Z"
          }
        }
      ]
    },
    {
      "name": "IPng Networks",
      "email": [
        "ct-ops@ipng.ch"
      ],
      "logs": [
        {
          "description": "Bogus RFC6962 log to avoid breaking misbehaving CT libraries",
          "log_id": "0vxlL6X5tzi4N1X6XrFfC0UlP06Po7m2T9TeVmLRhwg=",
          "key": "MFkwEwYHKoZIzj0CAQYIKoZIzj0DAQcDQgAELzNWh+BsAk0HnEEE7Zk1bAhdH1SM5udo1+CTF6LGcL6AVVIXSuOF95/Wg0qLZV491QbrNRg06mM6KwEzDXXtqg==",
          "url": "https://ct.example.com/bogus/ipng/",
          "mmd": 86400,
          "state": {
            "retired": {
              "timestamp": "2025-06-21T07:00:00Z"
            }
          },
          "temporal_interval": {
            "start_inclusive": "2020-01-01T08:00:00Z",
            "end_exclusive": "2020-01-02T08:00:00Z"
          }
        }
      ],
      "tiled_logs": [
        {
          "description": "IPng Networks 'Halloumi2026h1'",
          "log_id": "fz035/iSPY5xZb6w0+q+5yoivkbAy4TEFtTkuYJky8I=",
          "key": "MFkwEwYHKoZIzj0CAQYIKoZIzj0DAQcDQgAEzdcnGwRjm2ZoA68JFZKfoM4cOPPG2fr0iR72p3XanznOlw57HJ9RlYRNt75gIMIKgB1r0dxY5Jojq1m8uobYjg==",
          "submission_url": "https://halloumi2026h1.log.ct.ipng.ch/",
          "monitoring_url": "https://halloumi2026h1.mon.ct.ipng.ch/",
          "mmd": 60,
          "state": {
            "usable": {
              "timestamp": "2025-12-17T18:30:00Z"
            }
          },
          "temporal_interval": {
            "start_inclusive": "2026-01-01T00:00:00Z",
            "end_exclusive": "2026-07-01T00:00:00Z"
          }
        },
        {
          "description": "IPng Networks 'Halloumi2026h2a'",
          "log_id": "JuNkblhpISO8ND9HJDWbN5LNJFqI2BXTkzP9mRirRyM=",
          "key": "MFkwEwYHKoZIzj0CAQYIKoZIzj0DAQcDQgAEiGh4zMsdukTgrdk9iPIwz9OfU9TQVi4Mxufpmnlrzv3ivJcxVhrST4XQSeQoF5LlFVIU6PL4IzrYl12BUWn9rQ==",
          "submission_url": "https://halloumi2026h2a.log.ct.ipng.ch/",
          "monitoring_url": "https://halloumi2026h2a.mon.ct.ipng.ch/",
          "mmd": 60,
          "state": {
            "usable": {
              "timestamp": "2026-01-01T07:30:00Z"
            }
          },
          "temporal_interval": {
            "start_inclusive": "2026-07-01T00:00:00Z",
            "end_exclusive": "2027-01-01T00:00:00Z"
          }
        },
        {
          "description": "IPng Networks 'Halloumi2027h1'",
          "log_id": "ROgi/CurDpLu0On61pZkYCd20Bdg4IkFCckjobA/w38=",
          "key": "MFkwEwYHKoZIzj0CAQYIKoZIzj0DAQcDQgAEw5SUl2yfd5TFSqUGv7A+I5+TpLe+zEccmtWVQakQQtOHYKqH8TbycalFx5xaqE5PU4NEwwnAJ9FWeT/6QaovZw==",
          "submission_url": "https://halloumi2027h1.log.ct.ipng.ch/",
          "monitoring_url": "https://halloumi2027h1.mon.ct.ipng.ch/",
          "mmd": 60,
          "state": {
            "usable": {
              "timestamp": "2025-12-17T18:30:00Z"
            }
          },
          "temporal_interval": {
            "start_inclusive": "2027-01-01T00:00:00Z",
            "end_exclusive": "2027-07-01T00:00:00Z"
          }
        },
        {
          "description": "IPng Networks 'Halloumi2027h2'",
          "log_id": "CRV/Yy1Gx/dtlSZUk7wPALOVrF2zorJr+wQ9ukrGOJM=",
          "key": "MFkwEwYHKoZIzj0CAQYIKoZIzj0DAQcDQgAErmKbFkPG7QfQUARhbIik8vVbIkXhK+YMB6TvLZkyhnzv7wedn+l7VChqovZHKOQXmZEd4B+3ljovIpQz2HmyHA==",
          "submission_url": "https://halloumi2027h2.log.ct.ipng.ch/",
          "monitoring_url": "https://halloumi2027h2.mon.ct.ipng.ch/",
          "mmd": 60,
          "state": {
            "usable": {
              "timestamp": "2025-12-17T18:30:00Z"
            }
          },
          "temporal_interval": {
            "start_inclusive": "2027-07-01T00:00:00Z",
            "end_exclusive": "2028-01-01T00:00:00Z"
          }
        },
        {
          "description": "IPng Networks 'Gouda2026h1'",
          "log_id": "GoudaUpXmMiZoMqIvfSPwLRWYMzDYA0fcfRp/8fRrKM=",
          "key": "MFkwEwYHKoZIzj0CAQYIKoZIzj0DAQcDQgAER6wvqVwhf5isuCtwSfNjTOrqwZg0vZuIMP7xk8fPmJfaFZCte1ptQiqNhRMCtqIgJvDcJyjkGVI8i44vxL877A==",
          "submission_url": "https://gouda2026h1.log.ct.ipng.ch/",
          "monitoring_url": "https://gouda2026h1.mon.ct.ipng.ch/",
          "mmd": 60,
          "state": {
            "usable": {
              "timestamp": "2025-11-27T03:00:00Z"
            }
          },
          "temporal_interval": {
            "start_inclusive": "2026-01-01T00:00:00Z",
            "end_exclusive": "2026-07-01T00:00:00Z"
          }
        },
        {
          "description": "IPng Networks 'Gouda2026h2'",
          "log_id": "Goudaw/+v4G0eTnG0jEKhtbRAtTwRuIYLJ3jX14mJe8=",
          "key": "MFkwEwYHKoZIzj0CAQYIKoZIzj0DAQcDQgAEjayczmhUMNftWy6VjvYXcTUEpvL8LIAKcYcxrxx5xxQGZEVvhnZeCnXVlsMWhq1h9J55eZfQWM/dqIr6GmoN9Q==",
          "submission_url": "https://gouda2026h2.log.ct.ipng.ch/",
          "monitoring_url": "https://gouda2026h2.mon.ct.ipng.ch/",
          "mmd": 60,
          "state": {
            "usable": {
              "timestamp": "2025-11-27T03:00:00Z"
            }
          },
          "temporal_interval": {
            "start_inclusive": "2026-07-01T00:00:00Z",
            "end_exclusive": "2027-01-01T00:00:00Z"
          }
        },
        {
          "description": "IPng Networks 'Gouda2027h1'",
          "log_id": "Gouda43XkdHNBUnttgNV1ga2T60w23H+eI8Px8j7xLE=",
          "key": "MFkwEwYHKoZIzj0CAQYIKoZIzj0DAQcDQgAEOh11B2aRT9BiTqo+6kvQ7cSGf819Ait+jGc6AuHlGUXxWCX1YCQ9OFNnr6MUKStyw4sVin5FCvtbke1mctl3gQ==",
          "submission_url": "https://gouda2027h1.log.ct.ipng.ch/",
          "monitoring_url": "https://gouda2027h1.mon.ct.ipng.ch/",
          "mmd": 60,
          "state": {
            "usable": {
              "timestamp": "2025-11-27T03:00:00Z"
            }
          },
          "temporal_interval": {
            "start_inclusive": "2027-01-01T00:00:00Z",
            "end_exclusive": "2027-07-01T00:00:00Z"
          }
        },
        {
          "description": "IPng Networks 'Gouda2027h2'",
          "log_id": "GoudaVNi2GSSp7niI2BuNOzp4xC6NPuTBXhdKc5XV+s=",
          "key": "MFkwEwYHKoZIzj0CAQYIKoZIzj0DAQcDQgAEPuxPH20sSqUzHGllZceceFvyoSffwBWgX4LKd8wk3A3ayZuwwh2pDuEOsimMxLXFh0IUYz73a9I7kxkUqM+N8w==",
          "submission_url": "https://gouda2027h2.log.ct.ipng.ch/",
          "monitoring_url": "https://gouda2027h2.mon.ct.ipng.ch/",
          "mmd": 60,
          "state": {
            "usable": {
              "timestamp": "2025-11-27T03:00:00Z"
            }
          },
          "temporal_interval": {
            "start_inclusive": "2027-07-01T00:00:00Z",
            "end_exclusive": "2028-01-01T00:00:00Z"
          }
        }
      ]
    }
  ]
}
