<?xml version='1.0' encoding='utf-8' standalone='yes' ?>
<map>
    <string name="ict_date:__78f20238085746ad8cb1c5621b912e68:6Z4-676-Z56Z">08022026</string>
    <string name="SP_KEY_PROFILE_IDENTITIES:6Z4-676-Z56Z">Identity</string>
    <string name="comms_dmn:6Z4-676-Z56Z">eu1.clevertap-prod.com</string>
    <string name="instance:6Z4-676-Z56Z">{&quot;accountId&quot;:&quot;6Z4-676-Z56Z&quot;,&quot;accountToken&quot;:&quot;6a6-416&quot;,&quot;fcmSenderId&quot;:&quot;733328680633&quot;,&quot;analyticsOnly&quot;:false,&quot;isDefaultInstance&quot;:true,&quot;useGoogleAdId&quot;:false,&quot;disableAppLaunchedEvent&quot;:false,&quot;personalization&quot;:true,&quot;debugLevel&quot;:0,&quot;createdPostAppLaunch&quot;:false,&quot;sslPinning&quot;:false,&quot;backgroundSync&quot;:false,&quot;getEnableCustomCleverTapId&quot;:false,&quot;beta&quot;:false,&quot;allowedPushTypes&quot;:[&quot;FCM&quot;,&quot;XPS&quot;,&quot;HPS&quot;,&quot;BPS&quot;,&quot;ADM&quot;]}</string>
    <int name="lastSessionId:6Z4-676-Z56Z" value="1770505234" />
    <string name="comms_dmn_spiky:6Z4-676-Z56Z">eu1-spiky.clevertap-prod.com</string>
    <string name="fcm_token:6Z4-676-Z56Z">cYAFiiYHRletLljgoWDRbk:APA91bGl_cpNWvinbshTiOv4DPhinZkdsgE-ADSpthlASG461Uf-jA7bYhhzqIZY6n8j9cYp9n8bFgbng4l5RGA3rI4D01FYYs0TePyrG0OF5Rsh350z-6U</string>
    <int name="comms_mtd:6Z4-676-Z56Z" value="0" />
    <int name="comms_first_ts:6Z4-676-Z56Z" value="1770505166" />
    <int name="istc_inapp:__78f20238085746ad8cb1c5621b912e68:6Z4-676-Z56Z" value="0" />
    <boolean name="firstTimeRequest" value="false" />
    <string name="deviceId:6Z4-676-Z56Z">__78f20238085746ad8cb1c5621b912e68</string>
    <int name="sexe:6Z4-676-Z56Z" value="1770505239" />
    <int name="comms_last_ts:6Z4-676-Z56Z" value="1770505235" />
</map>
