<?xml version='1.0' encoding='utf-8' standalone='yes' ?>
<map>
    <string name="bnc_push_identifier">bnc_no_value</string>
    <boolean name="bnc_ad_network_callouts_disabled" value="false" />
    <string name="bnc_google_play_install_referrer_extras">bnc_no_value</string>
    <string name="bnc_initial_referrer">android-app://com.spotify.music</string>
    <boolean name="bnc_is_full_app_conversion" value="false" />
    <string name="bnc_link_click_id">bnc_no_value</string>
    <string name="bnc_external_intent_extra">bnc_no_value</string>
    <long name="bnc_install_begin_ts" value="1769883903" />
    <boolean name="bnc_delayed_session_init_used" value="true" />
    <string name="bnc_randomized_device_token">1546276016316948657</string>
    <long name="bnc_last_known_update_time" value="1769899055653" />
    <string name="bnc_user_url">https://spotify.link/a/key_live_pfaVQo61xda7Zq1zC1ca3igayxarnljw?%24randomized_bundle_token=1546276017541579634</string>
    <string name="bnc_session_params">{&quot;+non_branch_link&quot;:&quot;spotify-auth-music://callback/r/android/music/login?interact_ref=S2U7JTI6CROLZICNY2ONTQU3XI&amp;hash=UET-Z7X_N_AEVNAIRBPrRSPibMkkRHPzVzPkp9eHNIa0Lx6kUZv9IPLOP_RYPY6nEymGsAFOygeuoRVXFb_iZA&quot;,&quot;+clicked_branch_link&quot;:false,&quot;+is_first_session&quot;:false}</string>
    <long name="bnc_original_install_time" value="1769899055653" />
    <string name="bnc_branch_key">key_live_pfaVQo61xda7Zq1zC1ca3igayxarnljw</string>
    <string name="bnc_identity">0048cf33950e0def8ff5e668fc435736616e3e09d88567baa15f23</string>
    <string name="bnc_session_id">1546276120960431958</string>
    <string name="bnc_app_store_source">PlayStore</string>
    <string name="bnc_link_click_identifier">bnc_no_value</string>
    <string name="skip_url_format_key">{&quot;version&quot;:2,&quot;uri_skip_list&quot;:[&quot;^fb\\d+:((?!campaign_ids).)*$&quot;,&quot;^li\\d+:&quot;,&quot;^pdk\\d+:&quot;,&quot;^twitterkit-.*:&quot;,&quot;^com\\.googleusercontent\\.apps\\.\\d+-.*:\\\/oauth&quot;,&quot;^(?i).+:.*[?].*\\b(password|o?auth|o?auth.?token|access|access.?token)\\b&quot;]}</string>
    <string name="bnc_anon_id">272621fd-6b49-423d-9245-8a668f8c9ef8</string>
    <long name="bnc_install_begin_server_ts" value="1769883903" />
    <string name="bnc_app_link">bnc_no_value</string>
    <string name="bnc_randomly_generated_uuid">a9150d7c-c10a-4c49-b142-b18ebb244067</string>
    <string name="bnc_referringUrlQueryParameters">bnc_no_value</string>
    <string name="bnc_branch_key_source">init_function</string>
    <string name="bnc_app_version">9.1.16.1450</string>
    <string name="bnc_google_search_install_identifier">bnc_no_value</string>
    <string name="bnc_randomized_bundle_token">1546276017541579634</string>
    <long name="bnc_previous_update_time" value="1769899055653" />
    <string name="bnc_external_intent_uri">bnc_no_value</string>
    <string name="bnc_install_referrer">bnc_no_value</string>
</map>
