<?xml version='1.0' encoding='utf-8' standalone='yes' ?>
<map>
    <string name="settings_location">/data/user/0/com.spotify.music/files/settings</string>
    <string name="install_pai_preload_referrer"></string>
    <string name="pre-signup-experiment-request-id"></string>
    <long name="notification_permission_education_screen_shown_timestamp" value="1769899191118" />
    <boolean name="com.spotify.proactiveplatforms.npvwidget.KEY_PREFS_LOGGED_IN" value="true" />
    <string name="user-selected-language">en-US</string>
    <long name="background_restrictions_next_scheduled_time" value="0" />
    <string name="installation_id">f5hubvprjpdorcqtd8p1j06aos</string>
    <long name="key_date_first_launch" value="1769899186854" />
    <boolean name="android-media-session.media3_enabled" value="false" />
    <int name="engage_sdk_continuation_cluster_publish_status" value="9" />
    <int name="service_crash_count" value="0" />
    <int name="key_rater_plays_amount" value="1" />
    <long name="po-session-date" value="1769899186934" />
    <boolean name="data_saver_mode_android_enabled" value="false" />
    <boolean name="install_referrer_read" value="true" />
    <string name="deeplink.session.id">d76f80fa-fe38-4857-a3d8-29be8422d7d5</string>
    <string name="deeplink.session.stage">LOGGED_IN</string>
    <int name="engage_sdk_recommendations_cluster_publish_status" value="9" />
    <string name="registration_install_attribution_referrer">utm_medium=organic&amp;utm_source=google-play</string>
    <boolean name="last_known_is_logged_out_status" value="false" />
    <long name="samsung_clock_nudge_earliest_time_nudge_can_show_timestamp" value="1770503987515" />
    <boolean name="dac-home-force-network-request" value="false" />
    <string name="branch_partner_id">0048cf33950e0def8ff5e668fc435736616e3e09d88567baa15f23</string>
    <boolean name="enable_request_metrics" value="false" />
    <long name="branch_partner_id_cache_time_key" value="1769899189625" />
    <string name="event-sender-event-owner">317b45fpv7ta7nkxretpl3zaqorm</string>
    <string name="registration_app_attribution_referrer">utm_medium=organic&amp;utm_source=google-play</string>
    <string name="crashlytics_user_id">317b45fpv7ta7nkxretpl3zaqorm</string>
    <string name="crashlytics_partner_id">00b1eee2aee742eb2dcb63e9bbd7ea6c3a299a393ee40f27643bd8</string>
    <string name="current_push_token">c2a8tLulROKX3XojfwaDdO:APA91bHr0qeYdKJU1cRR7mSXVoXByrDZGMaX3w6Lcx5OPDrZfO8tO5AoT85MlUPbA3gfjCa2_AkwQNK6HShGDTbGaXFpCqYg5DuwAtnF7YNT9MA1JC1gpUc</string>
    <int name="deletion-policy" value="0" />
    <long name="registration_app_attribution_referrer_timestamp" value="1769899155923" />
    <string name="cache_location_v4">/storage/emulated/0/Android/data/com.spotify.music/files/spotifycache</string>
    <long name="wear.phoneonboardingtriggers.onboarding_enabled_key" value="1769899185638" />
    <string name="ADAPTIVE_AUTH_METADATA_AUTH_SOURCE">EMAIL</string>
    <int name="background_restrictions_times_shown" value="1" />
    <boolean name="NET_CAPABILITIES_VALIDATED_DISABLED" value="false" />
    <set name="limited_experience_indicator_key" />
</map>
