<?xml version='1.0' encoding='utf-8' standalone='yes' ?>
<map>
    <long name="first_open_time" value="1770298381438" />
    <string name="gmp_app_id">1:663189057607:android:93681ec19c2c34cce60162</string>
    <string name="app_instance_id">e0ac5526d4933751ae753ff17fc4d041</string>
    <long name="session_id" value="1770298382" />
    <boolean name="app_backgrounded" value="false" />
    <long name="health_monitor:start" value="1770298382170" />
    <boolean name="use_service" value="true" />
    <boolean name="deferred_analytics_collection" value="false" />
    <string name="previous_os_version">13</string>
    <boolean name="has_been_opened" value="true" />
    <boolean name="allow_remote_dynamite" value="true" />
    <long name="last_pause_time" value="1770299022420" />
    <boolean name="start_new_session" value="false" />
</map>
