<?xml version='1.0' encoding='utf-8' standalone='yes' ?>
<map>
    <string name="com.indigitall.prefs.senderId">663189057607</string>
    <boolean name="com.indigitall.prefs.networkEventsEnabled" value="false" />
    <boolean name="com.indigitall.prefs.wifiFilterEnabled" value="false" />
    <string name="com.indigitall.prefs.appKey">2fafef26-1f72-413e-a1e8-90a2c78ad74c</string>
    <string name="com.indigitall.prefs.apiURL">https://device-api.indigitall.com/v1</string>
    <string name="com.indigitall.prefs.productName">android</string>
    <string name="com.indigitall.prefs.maintenanceStart">01:00</string>
    <int name="com.indigitall.prefs.serviceSyncTime" value="1" />
    <string name="com.indigitall.prefs.InAppApiURL">https://inapp-api.indigitall.com/v1</string>
    <string name="com.indigitall.prefs.maintenanceEnd">5:00</string>
    <boolean name="com.indigitall.prefs.debug" value="true" />
    <string name="com.indigitall.prefs.InboxAPpiURL">https://inbox-api.indigitall.com/v1</string>
    <boolean name="com.indigitall.prefs.deviceEnabled" value="true" />
    <boolean name="com.indigitall.prefs.locationEnabled" value="true" />
    <string name="com.indigitall.prefs.deviceId">dbf3d706-60b6-47ba-a494-870e314fecc5</string>
    <int name="com.indigitall.prefs.apiEnabled" value="1" />
    <string name="com.indigitall.prefs.productVersion">4.19.1</string>
    <string name="com.indigitall.prefs.deviceJson">{&quot;pushToken&quot;:&quot;dmQHfH5qSpa26u7hocPx3Q:APA91bGlAOHTqblGbwiQ0ng3FaM4hOAzSragClQJApvmyZlCIYUJK5XRQz0xG7Yy-_HmOcIa-t6OBMg_5KVWtqZgfRrc4cwIszbumMfdmyqLpxrXt6g_qyM&quot;,&quot;platform&quot;:&quot;android&quot;,&quot;version&quot;:&quot;4.19.1&quot;,&quot;productName&quot;:&quot;android&quot;,&quot;productVersion&quot;:&quot;4.19.1&quot;,&quot;osName&quot;:&quot;Android&quot;,&quot;osVersion&quot;:&quot;13 (SDK:33)&quot;,&quot;deviceBrand&quot;:&quot;VIVO&quot;,&quot;deviceModel&quot;:&quot;V2031&quot;,&quot;operator&quot;:&quot;unknown&quot;,&quot;deviceType&quot;:&quot;mobile&quot;,&quot;appVersion&quot;:&quot;9.2.1&quot;,&quot;locale&quot;:&quot;en_US&quot;,&quot;timeZone&quot;:&quot;Asia\/Kolkata&quot;,&quot;timeOffset&quot;:330}</string>
    <boolean name="com.indigitall.prefs.inAppEnabled" value="false" />
    <int name="com.indigitall.prefs.networkUpdateMinutes" value="10" />
    <boolean name="com.indigitall.prefs.privateSecuredData" value="false" />
    <int name="com.indigitall.prefs.locationAccuracy" value="50" />
    <string name="com.indigitall.prefs.pushToken">dmQHfH5qSpa26u7hocPx3Q:APA91bGlAOHTqblGbwiQ0ng3FaM4hOAzSragClQJApvmyZlCIYUJK5XRQz0xG7Yy-_HmOcIa-t6OBMg_5KVWtqZgfRrc4cwIszbumMfdmyqLpxrXt6g_qyM</string>
    <int name="com.indigitall.prefs.locationUpdateMinutes" value="2880" />
    <int name="com.indigitall.prefs.locationDistance" value="100" />
    <string name="com.indigitall.prefs.inboxAuthMode">none</string>
    <string name="com.indigitall.prefs.externalApps">[{&quot;id&quot;:189,&quot;name&quot;:&quot;APP MOVISTAR+&quot;,&quot;androidCode&quot;:&quot;APP MOVISTAR+&quot;,&quot;iosCode&quot;:&quot;appmovistar:\/\/movistarplus.es\/&quot;},{&quot;id&quot;:166,&quot;name&quot;:&quot;Movistar Junior&quot;,&quot;androidCode&quot;:&quot;es.movistarplus.junior&quot;,&quot;iosCode&quot;:&quot;movistar-junior\/id1441620633 &quot;}]</string>
    <long name="com.indigitall.prefs.serviceTimeStamp" value="1770300226363" />
</map>
