<?xml version='1.0' encoding='utf-8' standalone='yes' ?>
<map>
    <set name="device-name/2036iC fire-core/20.2.0 device-brand/vivo device-model/2036 android-min-sdk/24 kotlin/1.7.10 fire-analytics/21.2.0 fire-fcm/23.1.0 fire-android/33 fire-installations/17.1.0 android-installer/com.google.android.packageinstaller android-platform/ fire-transport/18.1.7 android-target-sdk/33 fire-cls/18.3.1">
        <string>2026-02-05</string>
    </set>
    <long name="fire-count" value="1" />
    <string name="last-used-date">2026-02-05</string>
    <long name="fire-global" value="1770296590098" />
</map>
