<?xml version='1.0' encoding='utf-8' standalone='yes' ?>
<map>
    <string name="bnc_push_identifier">bnc_no_value</string>
    <boolean name="bnc_ad_network_callouts_disabled" value="false" />
    <string name="bnc_google_play_install_referrer_extras">bnc_no_value</string>
    <string name="bnc_initial_referrer">bnc_no_value</string>
    <boolean name="bnc_is_full_app_conversion" value="false" />
    <string name="bnc_link_click_id">bnc_no_value</string>
    <string name="bnc_external_intent_extra">bnc_no_value</string>
    <long name="bnc_install_begin_ts" value="1769883903" />
    <boolean name="bnc_delayed_session_init_used" value="true" />
    <string name="bnc_randomized_device_token">1546232408523776681</string>
    <long name="bnc_last_known_update_time" value="1769894509673" />
    <string name="bnc_user_url">https://spotify.link/a/key_live_pfaVQo61xda7Zq1zC1ca3igayxarnljw?%24randomized_bundle_token=1546232410952387331</string>
    <string name="bnc_session_params">{&quot;+clicked_branch_link&quot;:false,&quot;+is_first_session&quot;:false}</string>
    <long name="bnc_original_install_time" value="1769888712281" />
    <string name="bnc_branch_key">key_live_pfaVQo61xda7Zq1zC1ca3igayxarnljw</string>
    <string name="bnc_identity">0048cfbf3fd62a727fa3611be295f2ce6252473641315866c78857</string>
    <string name="bnc_session_id">1546256789631513463</string>
    <string name="bnc_app_store_source">PlayStore</string>
    <string name="bnc_link_click_identifier">bnc_no_value</string>
    <string name="skip_url_format_key">{&quot;version&quot;:2,&quot;uri_skip_list&quot;:[&quot;^fb\\d+:((?!campaign_ids).)*$&quot;,&quot;^li\\d+:&quot;,&quot;^pdk\\d+:&quot;,&quot;^twitterkit-.*:&quot;,&quot;^com\\.googleusercontent\\.apps\\.\\d+-.*:\\\/oauth&quot;,&quot;^(?i).+:.*[?].*\\b(password|o?auth|o?auth.?token|access|access.?token)\\b&quot;]}</string>
    <string name="bnc_anon_id">a44f848a-4232-4200-b165-261ea7d2a785</string>
    <long name="bnc_install_begin_server_ts" value="1769883903" />
    <string name="bnc_app_link">bnc_no_value</string>
    <string name="bnc_randomly_generated_uuid">2b37b62c-e4bf-4272-9df8-6a39f8170401</string>
    <string name="bnc_referringUrlQueryParameters">bnc_no_value</string>
    <string name="bnc_branch_key_source">init_function</string>
    <string name="bnc_app_version">9.1.18.1504</string>
    <string name="bnc_google_search_install_identifier">bnc_no_value</string>
    <string name="bnc_randomized_bundle_token">1546232410952387331</string>
    <long name="bnc_previous_update_time" value="1769894052639" />
    <string name="bnc_external_intent_uri">bnc_no_value</string>
    <string name="bnc_install_referrer">bnc_no_value</string>
</map>
