<?xml version='1.0' encoding='utf-8' standalone='yes' ?>
<map>
    <boolean name="measurement_enabled_from_api" value="true" />
    <long name="first_open_time" value="1769888755760" />
    <string name="gmp_app_id">1:494597445014:android:779d79f75183bf65</string>
    <string name="app_instance_id">99ba8c5140ab0dc2634ae46b1bca49bc</string>
    <long name="session_id" value="1769888756" />
    <boolean name="app_backgrounded" value="false" />
    <long name="health_monitor:start" value="1769888756534" />
    <boolean name="use_service" value="true" />
    <boolean name="deferred_analytics_collection" value="false" />
    <string name="previous_os_version">13</string>
    <boolean name="measurement_enabled" value="true" />
    <boolean name="has_been_opened" value="true" />
    <boolean name="allow_remote_dynamite" value="true" />
    <long name="last_pause_time" value="1769894571243" />
    <boolean name="start_new_session" value="false" />
</map>
