<?xml version='1.0' encoding='utf-8' standalone='yes' ?>
<map>
    <long name="fire-count" value="1" />
    <string name="last-used-date">2026-01-31</string>
    <long name="fire-global" value="1769888755745" />
    <set name="fire-cls/19.3.0 kotlin/2.1.21 device-name/2036iC device-brand/vivo device-model/2036 fire-installations/18.0.0 android-min-sdk/24 fire-fcm/23.1.2 fire-analytics/21.5.1 fire-android/33 fire-cls-ndk/19.3.0 fire-core/21.0.0 fire-core-ktx/21.0.0 fire-sessions/2.0.1 android-installer/com.google.android.packageinstaller android-platform/ fire-transport/18.1.8 android-target-sdk/36">
        <string>2026-01-31</string>
    </set>
</map>
