<?xml version='1.0' encoding='utf-8' standalone='yes' ?>
<map>
    <string name="feature_usage_package_name">com.filmin.filmin</string>
    <long name="feature_usage_timestamp_detected_feature_33" value="1770403285402" />
    <long name="feature_usage_timestamp_detected_feature_3" value="1770403267015" />
    <long name="feature_usage_timestamp_detected_feature_12" value="1770403267112" />
    <long name="feature_usage_last_report_time" value="1770398623176" />
    <long name="feature_usage_timestamp_detected_feature_15" value="1770403267021" />
    <string name="feature_usage_sdk_version">21.4.0</string>
    <long name="feature_usage_timestamp_reported_feature_5" value="1770403221508" />
</map>
