<?xml version='1.0' encoding='utf-8' standalone='yes' ?>
<map>
    <long name="first_open_time" value="1770398621009" />
    <string name="gmp_app_id">1:733328680633:android:80c9d2495d9f5ee3</string>
    <string name="app_instance_id">c52d6118d72697694c007d2d931aa79e</string>
    <boolean name="has_been_opened" value="true" />
    <boolean name="app_backgrounded" value="false" />
    <boolean name="allow_remote_dynamite" value="true" />
    <long name="health_monitor:start" value="1770398648756" />
    <boolean name="use_service" value="true" />
    <boolean name="start_new_session" value="true" />
    <boolean name="deferred_analytics_collection" value="true" />
</map>
