<?xml version='1.0' encoding='utf-8' standalone='yes' ?>
<map>
    <string name="PAYMENTS_AVAILABILITY_MESSAGE">La adquisición de suscripciones o alquileres no están disponibles en Android</string>
    <long name="TIME_IN_MILIS" value="1771008066005" />
    <boolean name="push_declined" value="false" />
    <string name="uapi_url">https://uapi.filmin.es</string>
    <string name="access_token_type">Bearer</string>
    <string name="access_token">2fLjk0fApRTtIYdFSwvue2MwYAS5fXFKDTDkEC4R</string>
    <string name="access_token_refresh">YNNVEZeXYM2dy3kofJfZPJrPXtAFSQOnT3zvdk8Q</string>
    <string name="current_instance">es</string>
    <string name="v3_api_url">https://api.filmin.es</string>
    <int name="user_id" value="1024716" />
    <string name="bookmarks_api_url">https://bm.filmin.es</string>
    <string name="profile_id">92e41297-c6b0-4b60-9bfb-85334427f241</string>
    <string name="legacy_api_url">https://api.filmin.es</string>
    <boolean name="SHOW_ROOT_NOTIFICATION" value="true" />
    <boolean name="PAYMENTS_AVAILABILITY" value="false" />
    <int name="access_token_expires" value="357074954" />
</map>
