<?xml version='1.0' encoding='utf-8' standalone='yes' ?>
<map>
    <string name="SP_KEY_PROFILE_IDENTITIES:6Z4-676-Z56Z">Identity</string>
    <int name="istc_inapp:__c016f93014954665a3540253b3102110:6Z4-676-Z56Z" value="0" />
    <string name="instance:6Z4-676-Z56Z">{&quot;accountId&quot;:&quot;6Z4-676-Z56Z&quot;,&quot;accountToken&quot;:&quot;6a6-416&quot;,&quot;fcmSenderId&quot;:&quot;733328680633&quot;,&quot;analyticsOnly&quot;:false,&quot;isDefaultInstance&quot;:true,&quot;useGoogleAdId&quot;:false,&quot;disableAppLaunchedEvent&quot;:false,&quot;personalization&quot;:true,&quot;debugLevel&quot;:0,&quot;createdPostAppLaunch&quot;:false,&quot;sslPinning&quot;:false,&quot;backgroundSync&quot;:false,&quot;getEnableCustomCleverTapId&quot;:false,&quot;beta&quot;:false,&quot;allowedPushTypes&quot;:[&quot;FCM&quot;,&quot;XPS&quot;,&quot;HPS&quot;,&quot;BPS&quot;,&quot;ADM&quot;]}</string>
    <int name="lastSessionId:6Z4-676-Z56Z" value="1770403257" />
    <string name="comms_dmn_spiky:6Z4-676-Z56Z">eu1-spiky.clevertap-prod.com</string>
    <string name="fcm_token:6Z4-676-Z56Z">cGVIfs8wS5WLxYdKgQOfA3:APA91bHcCenOicO1wO3A88cVI0QMfqAtSYWxoC7OLgGKhyBGvaqMmG6w9iWLfWyj_lcYEe7OvDsCJRUs9Q6zwA4ByBmOK2h8AYaFyidTb24NIo6k0zm7Yug</string>
    <string name="ict_date:__c016f93014954665a3540253b3102110:6Z4-676-Z56Z">07022026</string>
    <int name="comms_mtd:6Z4-676-Z56Z" value="0" />
    <int name="comms_first_ts:6Z4-676-Z56Z" value="1770398624" />
    <boolean name="firstTimeRequest" value="false" />
    <string name="deviceId:6Z4-676-Z56Z">__c016f93014954665a3540253b3102110</string>
    <int name="sexe:6Z4-676-Z56Z" value="1770403314" />
    <int name="comms_last_ts:6Z4-676-Z56Z" value="1770398626" />
</map>
