<?xml version='1.0' encoding='utf-8' standalone='yes' ?>
<map>
    <boolean name="PN_registered_successfully_with_MPRS" value="true" />
    <string name="PN_registration_id">fbxAQSxdTpCGCn9JDlg0V-:APA91bFdqYXaGe1eQH2jgSZAeAToNHb_R7Kwnp4vjjrDt5-hEFHBQEpMd4PfPfS2EniMw5Wzn3f1rlP8bzN7BUkEYC798spqi4-9R5gDuPfA-f6Jzu-7yAY</string>
    <string name="PN_OS_notification_state">INACTIVE</string>
    <int name="PN_sequence_number_int" value="2" />
    <boolean name="isHfrSupported_Cache" value="true" />
    <boolean name="isHdrSupported_Cache" value="false" />
    <boolean name="isUhdSupported_Cache" value="false" />
    <boolean name="isReferrerValueSet" value="true" />
    <boolean name="EventSync_shouldForceProcess" value="false" />
    <string name="PN_OS_version">13</string>
    <string name="PN_application_install_id">EU:amazonaiv:1796cda6-8ea3-4344-a857-92bfd76f36ce</string>
    <string name="playbackSupportInfo_Cache">SUPPORTED_HARDWARE</string>
    <boolean name="isDolyDigitalPlusSupported_Cache" value="false" />
    <string name="deviceVideoCodecOverride_Cache">H264</string>
    <boolean name="hasWANSupportBeenDetected" value="true" />
    <boolean name="isHevcSupported_Cache" value="false" />
    <boolean name="isPlaybackSupportCached" value="true" />
    <string name="deviceBitrateAdaptationsOverride_Cache">CBR;CVBR</string>
    <string name="playStoreInstallReferrer">utm_source=google-play&amp;utm_medium=organic</string>
    <boolean name="isHdSupported_Cache" value="true" />
    <string name="PN_app_version">3.0.435.4747</string>
</map>
