<?xml version='1.0' encoding='utf-8' standalone='yes' ?>
<map>
    <int name="vpnServerCount" value="17832" />
    <string name="lastKnownIsp">CityOnline Services</string>
    <float name="lastKnownIpLatitude" value="17.3843" />
    <long name="serverListLastModified" value="1770293275000" />
    <float name="lastKnownIpLongitude" value="78.4583" />
    <string name="ipAddress">202.62.72.22</string>
    <int name="vpnCountryCount" value="129" />
    <long name="lastFullUpdateTimestamp" value="1770335210987" />
    <string name="lastKnownCountry">IN</string>
</map>
