<?xml version='1.0' encoding='utf-8' standalone='yes' ?>
<map>
    <string name="sentry_installation_id">731b4a69-fbb2-4b82-b5a1-2779c65d54b7</string>
    <string name="com.protonvpn.android.vpn.RecentsManager">{&quot;recentConnections&quot;:[],&quot;recentCountries&quot;:[&quot;IN&quot;],&quot;recentServers&quot;:{&quot;IN&quot;:[{&quot;city&quot;:&quot;Mumbai&quot;,&quot;connectingDomains&quot;:[{&quot;entryDomain&quot;:&quot;node-in-05.protonvpn.net&quot;,&quot;entryIp&quot;:&quot;146.70.142.18&quot;,&quot;id&quot;:&quot;seRelBSli7MJSNx9EyKMHXeshG_rY8vv-9YQAbZeH2pQsRjisqTedF3RDIw4SFnvkOe2l5SlXP5DF6jD1VZYLw\u003d\u003d&quot;,&quot;isOnline&quot;:true,&quot;label&quot;:&quot;3&quot;,&quot;publicKeyX25519&quot;:&quot;QnqJI0C2xQZrKfZLrBaCHa2h3TZ9CBt6sCuzg3ue4X4\u003d&quot;}],&quot;entryCountry&quot;:&quot;IN&quot;,&quot;entryLocation&quot;:{&quot;latitude&quot;:19.07,&quot;longitude&quot;:72.88},&quot;exitLocation&quot;:{&quot;latitude&quot;:19.07,&quot;longitude&quot;:72.88},&quot;features&quot;:28,&quot;hostCountry&quot;:&quot;SG&quot;,&quot;isVisible&quot;:true,&quot;load&quot;:38.0,&quot;online&quot;:true,&quot;rawExitCountry&quot;:&quot;IN&quot;,&quot;rawIsOnline&quot;:true,&quot;score&quot;:1.9773726129013665,&quot;serverId&quot;:&quot;kG8XptSHYdSJf9JnLhm5XBlPgt7uK2WIbG9K22oTsShoF4QnwV_yqvnIcBgtUW8n1Yo-tWU-VmJHmP3rUyHjHg\u003d\u003d&quot;,&quot;serverName&quot;:&quot;IN#16&quot;,&quot;serverNumber&quot;:16,&quot;statusReference&quot;:{&quot;cost&quot;:0,&quot;index&quot;:3984,&quot;penalty&quot;:1.0},&quot;tier&quot;:2}]}}</string>
    <string name="VpnStateMonitor.VPN_STATE_NAME">CONNECTED</string>
    <string name="com.protonvpn.android.models.vpn.ConnectionParams">{&quot;connectIntentData&quot;:{&quot;connectIntentType&quot;:&quot;FASTEST&quot;,&quot;features&quot;:[]},&quot;connectingDomain&quot;:{&quot;entryDomain&quot;:&quot;node-in-05.protonvpn.net&quot;,&quot;entryIp&quot;:&quot;146.70.142.18&quot;,&quot;id&quot;:&quot;seRelBSli7MJSNx9EyKMHXeshG_rY8vv-9YQAbZeH2pQsRjisqTedF3RDIw4SFnvkOe2l5SlXP5DF6jD1VZYLw\u003d\u003d&quot;,&quot;isOnline&quot;:true,&quot;label&quot;:&quot;3&quot;,&quot;publicKeyX25519&quot;:&quot;QnqJI0C2xQZrKfZLrBaCHa2h3TZ9CBt6sCuzg3ue4X4\u003d&quot;},&quot;enableIPv6&quot;:true,&quot;entryIp&quot;:&quot;146.70.142.18&quot;,&quot;port&quot;:443,&quot;protocol&quot;:&quot;WireGuard&quot;,&quot;server&quot;:{&quot;city&quot;:&quot;Mumbai&quot;,&quot;connectingDomains&quot;:[{&quot;entryDomain&quot;:&quot;node-in-05.protonvpn.net&quot;,&quot;entryIp&quot;:&quot;146.70.142.18&quot;,&quot;id&quot;:&quot;seRelBSli7MJSNx9EyKMHXeshG_rY8vv-9YQAbZeH2pQsRjisqTedF3RDIw4SFnvkOe2l5SlXP5DF6jD1VZYLw\u003d\u003d&quot;,&quot;isOnline&quot;:true,&quot;label&quot;:&quot;3&quot;,&quot;publicKeyX25519&quot;:&quot;QnqJI0C2xQZrKfZLrBaCHa2h3TZ9CBt6sCuzg3ue4X4\u003d&quot;}],&quot;entryCountry&quot;:&quot;IN&quot;,&quot;entryLocation&quot;:{&quot;latitude&quot;:19.07,&quot;longitude&quot;:72.88},&quot;exitLocation&quot;:{&quot;latitude&quot;:19.07,&quot;longitude&quot;:72.88},&quot;features&quot;:28,&quot;hostCountry&quot;:&quot;SG&quot;,&quot;isVisible&quot;:true,&quot;load&quot;:38.0,&quot;online&quot;:true,&quot;rawExitCountry&quot;:&quot;IN&quot;,&quot;rawIsOnline&quot;:true,&quot;score&quot;:1.9773726129013665,&quot;serverId&quot;:&quot;kG8XptSHYdSJf9JnLhm5XBlPgt7uK2WIbG9K22oTsShoF4QnwV_yqvnIcBgtUW8n1Yo-tWU-VmJHmP3rUyHjHg\u003d\u003d&quot;,&quot;serverName&quot;:&quot;IN#16&quot;,&quot;serverNumber&quot;:16,&quot;statusReference&quot;:{&quot;cost&quot;:0,&quot;index&quot;:3984,&quot;penalty&quot;:1.0},&quot;tier&quot;:2},&quot;transmissionProtocol&quot;:&quot;UDP&quot;,&quot;uuid&quot;:&quot;0134ed5c-585e-4e2c-a0f8-beefc750276d&quot;}</string>
    <int name="VERSION_CODE" value="605150904" />
    <string name="com.protonvpn.android.appconfig.ApiNotificationsResponse">{&quot;notifications&quot;:[]}</string>
    <string name="com.protonvpn.android.appconfig.AppConfigResponse">{&quot;changeServerAttemptLimitInternal&quot;:4,&quot;changeServerLongDelayInSecondsInternal&quot;:600,&quot;changeServerShortDelayInSecondsInternal&quot;:45,&quot;defaultPortsConfig&quot;:{&quot;openVpnPorts&quot;:{&quot;tcpPorts&quot;:[443,7770,8443],&quot;udpPorts&quot;:[80,51820,4569,1194,5060]},&quot;wireguardPorts&quot;:{&quot;tcpPorts&quot;:[443],&quot;tlsPortsInternal&quot;:[443],&quot;udpPorts&quot;:[443,88,1224,51820,500,4500]}},&quot;featureFlags&quot;:{&quot;guestHoleEnabled&quot;:false,&quot;maintenanceTrackerEnabled&quot;:true,&quot;pollApiNotifications&quot;:true,&quot;streamingServicesLogos&quot;:true,&quot;wireguardTlsEnabled&quot;:true},&quot;largeMetricsSamplingMultiplierInternal&quot;:100,&quot;logicalsRefreshBackgroundDelayMinutesInternal&quot;:2880,&quot;logicalsRefreshForegroundDelayMinutesInternal&quot;:180,&quot;ratingConfig&quot;:{&quot;daysConnectedCount&quot;:3,&quot;daysFromFirstConnectionCount&quot;:0,&quot;daysSinceLastRatingCount&quot;:100,&quot;eligiblePlans&quot;:[],&quot;successfulConnectionCount&quot;:2},&quot;smartProtocolConfig&quot;:{&quot;openVPNTcpEnabledInternal&quot;:false,&quot;openVPNUdpEnabled&quot;:false,&quot;wireguardEnabled&quot;:true,&quot;wireguardTcpEnabled&quot;:true,&quot;wireguardTlsEnabled&quot;:true},&quot;underMaintenanceDetectionDelay&quot;:40}</string>
    <string name="com.protonvpn.android.utils.ServerManager">{&quot;hasCountries&quot;:true,&quot;hasDownloadedServers&quot;:true,&quot;hasGateways&quot;:false,&quot;lastUpdateTimestamp&quot;:1770335210981,&quot;serverListAppVersionCode&quot;:605150904,&quot;streamingServices&quot;:{&quot;countryToServices&quot;:{&quot;AU&quot;:{&quot;2&quot;:[{&quot;coloredIconName&quot;:&quot;streaming/colored/netflix.png&quot;,&quot;iconName&quot;:&quot;netflix.png&quot;,&quot;name&quot;:&quot;Netflix&quot;},{&quot;coloredIconName&quot;:&quot;streaming/colored/amazonprime.png&quot;,&quot;iconName&quot;:&quot;amazonprime.png&quot;,&quot;name&quot;:&quot;Amazon Prime&quot;},{&quot;coloredIconName&quot;:&quot;streaming/colored/disneyplus.png&quot;,&quot;iconName&quot;:&quot;disneyplus.png&quot;,&quot;name&quot;:&quot;DisneyPlus&quot;},{&quot;coloredIconName&quot;:&quot;streaming/colored/paramountplus.png&quot;,&quot;iconName&quot;:&quot;paramountplus.png&quot;,&quot;name&quot;:&quot;Paramount+&quot;},{&quot;coloredIconName&quot;:&quot;streaming/colored/9now.png&quot;,&quot;iconName&quot;:&quot;9now.png&quot;,&quot;name&quot;:&quot;9 Now TV&quot;},{&quot;coloredIconName&quot;:&quot;streaming/colored/10play.png&quot;,&quot;iconName&quot;:&quot;10play.png&quot;,&quot;name&quot;:&quot;10 Play&quot;},{&quot;coloredIconName&quot;:&quot;streaming/colored/7plus.png&quot;,&quot;iconName&quot;:&quot;7plus.png&quot;,&quot;name&quot;:&quot;7 Plus&quot;},{&quot;coloredIconName&quot;:&quot;streaming/colored/iview.png&quot;,&quot;iconName&quot;:&quot;iview.png&quot;,&quot;name&quot;:&quot;ABC iView&quot;},{&quot;coloredIconName&quot;:&quot;streaming/colored/kayo-sports.png&quot;,&quot;iconName&quot;:&quot;kayo-sports.png&quot;,&quot;name&quot;:&quot;Kayo Sports&quot;},{&quot;coloredIconName&quot;:&quot;streaming/colored/acorntv.png&quot;,&quot;iconName&quot;:&quot;acorntv.png&quot;,&quot;name&quot;:&quot;Acorn TV&quot;}]},&quot;CA&quot;:{&quot;2&quot;:[{&quot;coloredIconName&quot;:&quot;streaming/colored/netflix.png&quot;,&quot;iconName&quot;:&quot;netflix.png&quot;,&quot;name&quot;:&quot;Netflix&quot;},{&quot;coloredIconName&quot;:&quot;streaming/colored/amazonprime.png&quot;,&quot;iconName&quot;:&quot;amazonprime.png&quot;,&quot;name&quot;:&quot;Amazon Prime&quot;},{&quot;coloredIconName&quot;:&quot;streaming/colored/disneyplus.png&quot;,&quot;iconName&quot;:&quot;disneyplus.png&quot;,&quot;name&quot;:&quot;DisneyPlus&quot;},{&quot;coloredIconName&quot;:&quot;streaming/colored/paramountplus.png&quot;,&quot;iconName&quot;:&quot;paramountplus.png&quot;,&quot;name&quot;:&quot;Paramount+&quot;},{&quot;coloredIconName&quot;:&quot;streaming/colored/dazn.png&quot;,&quot;iconName&quot;:&quot;dazn.png&quot;,&quot;name&quot;:&quot;DAZN&quot;},{&quot;coloredIconName&quot;:&quot;streaming/colored/fubo.png&quot;,&quot;iconName&quot;:&quot;fubo.png&quot;,&quot;name&quot;:&quot;FuboTV&quot;},{&quot;coloredIconName&quot;:&quot;streaming/colored/acorntv.png&quot;,&quot;iconName&quot;:&quot;acorntv.png&quot;,&quot;name&quot;:&quot;Acorn TV&quot;},{&quot;coloredIconName&quot;:&quot;streaming/colored/britbox.png&quot;,&quot;iconName&quot;:&quot;britbox.png&quot;,&quot;name&quot;:&quot;Britbox&quot;},{&quot;coloredIconName&quot;:&quot;streaming/colored/ctv.png&quot;,&quot;iconName&quot;:&quot;ctv.png&quot;,&quot;name&quot;:&quot;CTV&quot;},{&quot;coloredIconName&quot;:&quot;streaming/colored/cbc-gem.png&quot;,&quot;iconName&quot;:&quot;cbc-gem.png&quot;,&quot;name&quot;:&quot;CBC Gem&quot;}]},&quot;DE&quot;:{&quot;2&quot;:[{&quot;coloredIconName&quot;:&quot;streaming/colored/netflix.png&quot;,&quot;iconName&quot;:&quot;netflix.png&quot;,&quot;name&quot;:&quot;Netflix&quot;},{&quot;coloredIconName&quot;:&quot;streaming/colored/amazonprime.png&quot;,&quot;iconName&quot;:&quot;amazonprime.png&quot;,&quot;name&quot;:&quot;Amazon Prime&quot;},{&quot;coloredIconName&quot;:&quot;streaming/colored/disneyplus.png&quot;,&quot;iconName&quot;:&quot;disneyplus.png&quot;,&quot;name&quot;:&quot;DisneyPlus&quot;},{&quot;coloredIconName&quot;:&quot;streaming/colored/paramountplus.png&quot;,&quot;iconName&quot;:&quot;paramountplus.png&quot;,&quot;name&quot;:&quot;Paramount+&quot;},{&quot;coloredIconName&quot;:&quot;streaming/colored/dazn.png&quot;,&quot;iconName&quot;:&quot;dazn.png&quot;,&quot;name&quot;:&quot;DAZN&quot;},{&quot;coloredIconName&quot;:&quot;streaming/colored/rtlplus.png&quot;,&quot;iconName&quot;:&quot;rtlplus.png&quot;,&quot;name&quot;:&quot;RTL+&quot;},{&quot;coloredIconName&quot;:&quot;streaming/colored/ard.png&quot;,&quot;iconName&quot;:&quot;ard.png&quot;,&quot;name&quot;:&quot;ARD&quot;},{&quot;coloredIconName&quot;:&quot;streaming/colored/zdf.png&quot;,&quot;iconName&quot;:&quot;zdf.png&quot;,&quot;name&quot;:&quot;ZDF&quot;},{&quot;coloredIconName&quot;:&quot;streaming/colored/arte.png&quot;,&quot;iconName&quot;:&quot;arte.png&quot;,&quot;name&quot;:&quot;Arte&quot;},{&quot;coloredIconName&quot;:&quot;streaming/colored/joyn.png&quot;,&quot;iconName&quot;:&quot;joyn.png&quot;,&quot;name&quot;:&quot;Joyn&quot;}]},&quot;FR&quot;:{&quot;2&quot;:[{&quot;coloredIconName&quot;:&quot;streaming/colored/netflix.png&quot;,&quot;iconName&quot;:&quot;netflix.png&quot;,&quot;name&quot;:&quot;Netflix&quot;},{&quot;coloredIconName&quot;:&quot;streaming/colored/amazonprime.png&quot;,&quot;iconName&quot;:&quot;amazonprime.png&quot;,&quot;name&quot;:&quot;Amazon Prime&quot;},{&quot;coloredIconName&quot;:&quot;streaming/colored/disneyplus.png&quot;,&quot;iconName&quot;:&quot;disneyplus.png&quot;,&quot;name&quot;:&quot;DisneyPlus&quot;},{&quot;coloredIconName&quot;:&quot;streaming/colored/paramountplus.png&quot;,&quot;iconName&quot;:&quot;paramountplus.png&quot;,&quot;name&quot;:&quot;Paramount+&quot;},{&quot;coloredIconName&quot;:&quot;streaming/colored/max.png&quot;,&quot;iconName&quot;:&quot;max.png&quot;,&quot;name&quot;:&quot;Max&quot;},{&quot;coloredIconName&quot;:&quot;streaming/colored/france-tv.png&quot;,&quot;iconName&quot;:&quot;france-tv.png&quot;,&quot;name&quot;:&quot;France TV&quot;},{&quot;coloredIconName&quot;:&quot;streaming/colored/dazn.png&quot;,&quot;iconName&quot;:&quot;dazn.png&quot;,&quot;name&quot;:&quot;DAZN&quot;},{&quot;coloredIconName&quot;:&quot;streaming/colored/tf1.png&quot;,&quot;iconName&quot;:&quot;tf1.png&quot;,&quot;name&quot;:&quot;TF1&quot;},{&quot;coloredIconName&quot;:&quot;streaming/colored/canalplus.png&quot;,&quot;iconName&quot;:&quot;canalplus.png&quot;,&quot;name&quot;:&quot;Canal+&quot;},{&quot;coloredIconName&quot;:&quot;streaming/colored/m6plus.png&quot;,&quot;iconName&quot;:&quot;m6plus.png&quot;,&quot;name&quot;:&quot;M6+&quot;},{&quot;coloredIconName&quot;:&quot;streaming/colored/arte.png&quot;,&quot;iconName&quot;:&quot;arte.png&quot;,&quot;name&quot;:&quot;Arte&quot;}]},&quot;IN&quot;:{&quot;2&quot;:[{&quot;coloredIconName&quot;:&quot;streaming/colored/netflix.png&quot;,&quot;iconName&quot;:&quot;netflix.png&quot;,&quot;name&quot;:&quot;Netflix&quot;},{&quot;coloredIconName&quot;:&quot;streaming/colored/amazonprime.png&quot;,&quot;iconName&quot;:&quot;amazonprime.png&quot;,&quot;name&quot;:&quot;Amazon Prime&quot;},{&quot;coloredIconName&quot;:&quot;streaming/colored/hotstar.png&quot;,&quot;iconName&quot;:&quot;hotstar.png&quot;,&quot;name&quot;:&quot;Hotstar&quot;},{&quot;coloredIconName&quot;:&quot;streaming/colored/sonyliv.png&quot;,&quot;iconName&quot;:&quot;sonyliv.png&quot;,&quot;name&quot;:&quot;SonyLiv&quot;},{&quot;coloredIconName&quot;:&quot;streaming/colored/jiocinema.png&quot;,&quot;iconName&quot;:&quot;jiocinema.png&quot;,&quot;name&quot;:&quot;JioCinema&quot;},{&quot;coloredIconName&quot;:&quot;streaming/colored/zee5.png&quot;,&quot;iconName&quot;:&quot;zee5.png&quot;,&quot;name&quot;:&quot;Zee5&quot;},{&quot;coloredIconName&quot;:&quot;streaming/colored/aha.png&quot;,&quot;iconName&quot;:&quot;aha.png&quot;,&quot;name&quot;:&quot;Aha&quot;},{&quot;coloredIconName&quot;:&quot;streaming/colored/mx-player.png&quot;,&quot;iconName&quot;:&quot;mx-player.png&quot;,&quot;name&quot;:&quot;MX Player&quot;},{&quot;coloredIconName&quot;:&quot;streaming/colored/sun-nxt.png&quot;,&quot;iconName&quot;:&quot;sun-nxt.png&quot;,&quot;name&quot;:&quot;Sun NXT&quot;},{&quot;coloredIconName&quot;:&quot;streaming/colored/yupptv.png&quot;,&quot;iconName&quot;:&quot;yupptv.png&quot;,&quot;name&quot;:&quot;Yupp TV&quot;},{&quot;coloredIconName&quot;:&quot;streaming/colored/shemaroome.png&quot;,&quot;iconName&quot;:&quot;shemaroome.png&quot;,&quot;name&quot;:&quot;ShemarooMe&quot;}]},&quot;IT&quot;:{&quot;2&quot;:[{&quot;coloredIconName&quot;:&quot;streaming/colored/rai.png&quot;,&quot;iconName&quot;:&quot;rai.png&quot;,&quot;name&quot;:&quot;Rai.it&quot;},{&quot;coloredIconName&quot;:&quot;streaming/colored/netflix.png&quot;,&quot;iconName&quot;:&quot;netflix.png&quot;,&quot;name&quot;:&quot;Netflix&quot;},{&quot;coloredIconName&quot;:&quot;streaming/colored/disneyplus.png&quot;,&quot;iconName&quot;:&quot;disneyplus.png&quot;,&quot;name&quot;:&quot;DisneyPlus&quot;},{&quot;coloredIconName&quot;:&quot;streaming/colored/amazonprime.png&quot;,&quot;iconName&quot;:&quot;amazonprime.png&quot;,&quot;name&quot;:&quot;Amazon Prime&quot;},{&quot;coloredIconName&quot;:&quot;streaming/colored/paramountplus.png&quot;,&quot;iconName&quot;:&quot;paramountplus.png&quot;,&quot;name&quot;:&quot;Paramount+&quot;},{&quot;coloredIconName&quot;:&quot;streaming/colored/nowtv.png&quot;,&quot;iconName&quot;:&quot;nowtv.png&quot;,&quot;name&quot;:&quot;NowTV&quot;},{&quot;coloredIconName&quot;:&quot;streaming/colored/mediaset-play.png&quot;,&quot;iconName&quot;:&quot;mediaset-play.png&quot;,&quot;name&quot;:&quot;Mediaset Play&quot;},{&quot;coloredIconName&quot;:&quot;streaming/colored/dazn.png&quot;,&quot;iconName&quot;:&quot;dazn.png&quot;,&quot;name&quot;:&quot;DAZN&quot;}]},&quot;JP&quot;:{&quot;2&quot;:[{&quot;coloredIconName&quot;:&quot;streaming/colored/netflix.png&quot;,&quot;iconName&quot;:&quot;netflix.png&quot;,&quot;name&quot;:&quot;Netflix&quot;},{&quot;coloredIconName&quot;:&quot;streaming/colored/amazonprime.png&quot;,&quot;iconName&quot;:&quot;amazonprime.png&quot;,&quot;name&quot;:&quot;Amazon Prime&quot;},{&quot;coloredIconName&quot;:&quot;streaming/colored/disneyplus.png&quot;,&quot;iconName&quot;:&quot;disneyplus.png&quot;,&quot;name&quot;:&quot;DisneyPlus&quot;},{&quot;coloredIconName&quot;:&quot;streaming/colored/dazn.png&quot;,&quot;iconName&quot;:&quot;dazn.png&quot;,&quot;name&quot;:&quot;DAZN&quot;},{&quot;coloredIconName&quot;:&quot;streaming/colored/abema.png&quot;,&quot;iconName&quot;:&quot;abema.png&quot;,&quot;name&quot;:&quot;Abema&quot;},{&quot;coloredIconName&quot;:&quot;streaming/colored/tver.png&quot;,&quot;iconName&quot;:&quot;tver.png&quot;,&quot;name&quot;:&quot;TVer&quot;}]},&quot;UK&quot;:{&quot;2&quot;:[{&quot;coloredIconName&quot;:&quot;streaming/colored/netflix.png&quot;,&quot;iconName&quot;:&quot;netflix.png&quot;,&quot;name&quot;:&quot;Netflix&quot;},{&quot;coloredIconName&quot;:&quot;streaming/colored/bbc.png&quot;,&quot;iconName&quot;:&quot;bbc.png&quot;,&quot;name&quot;:&quot;BBC iPlayer&quot;},{&quot;coloredIconName&quot;:&quot;streaming/colored/disneyplus.png&quot;,&quot;iconName&quot;:&quot;disneyplus.png&quot;,&quot;name&quot;:&quot;DisneyPlus&quot;},{&quot;coloredIconName&quot;:&quot;streaming/colored/amazonprime.png&quot;,&quot;iconName&quot;:&quot;amazonprime.png&quot;,&quot;name&quot;:&quot;Amazon Prime&quot;},{&quot;coloredIconName&quot;:&quot;streaming/colored/paramountplus.png&quot;,&quot;iconName&quot;:&quot;paramountplus.png&quot;,&quot;name&quot;:&quot;Paramount+&quot;},{&quot;coloredIconName&quot;:&quot;streaming/colored/channel4.png&quot;,&quot;iconName&quot;:&quot;channel4.png&quot;,&quot;name&quot;:&quot;Channel4&quot;},{&quot;coloredIconName&quot;:&quot;streaming/colored/ITV.png&quot;,&quot;iconName&quot;:&quot;ITV.png&quot;,&quot;name&quot;:&quot;ITV&quot;},{&quot;coloredIconName&quot;:&quot;streaming/colored/nowtv.png&quot;,&quot;iconName&quot;:&quot;nowtv.png&quot;,&quot;name&quot;:&quot;NowTV&quot;},{&quot;coloredIconName&quot;:&quot;streaming/colored/dazn.png&quot;,&quot;iconName&quot;:&quot;dazn.png&quot;,&quot;name&quot;:&quot;DAZN&quot;}]},&quot;US&quot;:{&quot;2&quot;:[{&quot;coloredIconName&quot;:&quot;streaming/colored/netflix.png&quot;,&quot;iconName&quot;:&quot;netflix.png&quot;,&quot;name&quot;:&quot;Netflix&quot;},{&quot;coloredIconName&quot;:&quot;streaming/colored/amazonprime.png&quot;,&quot;iconName&quot;:&quot;amazonprime.png&quot;,&quot;name&quot;:&quot;Amazon Prime&quot;},{&quot;coloredIconName&quot;:&quot;streaming/colored/disneyplus.png&quot;,&quot;iconName&quot;:&quot;disneyplus.png&quot;,&quot;name&quot;:&quot;DisneyPlus&quot;},{&quot;coloredIconName&quot;:&quot;streaming/colored/paramountplus.png&quot;,&quot;iconName&quot;:&quot;paramountplus.png&quot;,&quot;name&quot;:&quot;Paramount+&quot;},{&quot;coloredIconName&quot;:&quot;streaming/colored/espnplus.png&quot;,&quot;iconName&quot;:&quot;espnplus.png&quot;,&quot;name&quot;:&quot;ESPN&quot;},{&quot;coloredIconName&quot;:&quot;streaming/colored/f1tv.png&quot;,&quot;iconName&quot;:&quot;f1tv.png&quot;,&quot;name&quot;:&quot;Formula1 TV&quot;},{&quot;coloredIconName&quot;:&quot;streaming/colored/fubo.png&quot;,&quot;iconName&quot;:&quot;fubo.png&quot;,&quot;name&quot;:&quot;FuboTV&quot;},{&quot;coloredIconName&quot;:&quot;streaming/colored/abc.png&quot;,&quot;iconName&quot;:&quot;abc.png&quot;,&quot;name&quot;:&quot;ABC Go&quot;},{&quot;coloredIconName&quot;:&quot;streaming/colored/max.png&quot;,&quot;iconName&quot;:&quot;max.png&quot;,&quot;name&quot;:&quot;Max&quot;},{&quot;coloredIconName&quot;:&quot;streaming/colored/hulu.png&quot;,&quot;iconName&quot;:&quot;hulu.png&quot;,&quot;name&quot;:&quot;Hulu&quot;},{&quot;coloredIconName&quot;:&quot;streaming/colored/pluto.png&quot;,&quot;iconName&quot;:&quot;pluto.png&quot;,&quot;name&quot;:&quot;Pluto TV&quot;},{&quot;coloredIconName&quot;:&quot;streaming/colored/sling.png&quot;,&quot;iconName&quot;:&quot;sling.png&quot;,&quot;name&quot;:&quot;Sling TV&quot;},{&quot;coloredIconName&quot;:&quot;streaming/colored/SyFy.png&quot;,&quot;iconName&quot;:&quot;SyFy.png&quot;,&quot;name&quot;:&quot;SyFy&quot;},{&quot;coloredIconName&quot;:&quot;streaming/colored/cbs.png&quot;,&quot;iconName&quot;:&quot;cbs.png&quot;,&quot;name&quot;:&quot;CBS&quot;},{&quot;coloredIconName&quot;:&quot;streaming/colored/peacock.png&quot;,&quot;iconName&quot;:&quot;peacock.png&quot;,&quot;name&quot;:&quot;Peacock TV&quot;},{&quot;coloredIconName&quot;:&quot;streaming/colored/youtubetv.png&quot;,&quot;iconName&quot;:&quot;youtubetv.png&quot;,&quot;name&quot;:&quot;YouTube TV&quot;},{&quot;coloredIconName&quot;:&quot;streaming/colored/crunchyroll.png&quot;,&quot;iconName&quot;:&quot;crunchyroll.png&quot;,&quot;name&quot;:&quot;Crunchyroll&quot;},{&quot;coloredIconName&quot;:&quot;streaming/colored/mlb.png&quot;,&quot;iconName&quot;:&quot;mlb.png&quot;,&quot;name&quot;:&quot;MLB TV&quot;},{&quot;coloredIconName&quot;:&quot;streaming/colored/vix.png&quot;,&quot;iconName&quot;:&quot;vix.png&quot;,&quot;name&quot;:&quot;Vix&quot;},{&quot;coloredIconName&quot;:&quot;streaming/colored/audible.png&quot;,&quot;iconName&quot;:&quot;audible.png&quot;,&quot;name&quot;:&quot;Audible&quot;},{&quot;coloredIconName&quot;:&quot;streaming/colored/spotify.png&quot;,&quot;iconName&quot;:&quot;spotify.png&quot;,&quot;name&quot;:&quot;Spotify&quot;},{&quot;coloredIconName&quot;:&quot;streaming/colored/dazn.png&quot;,&quot;iconName&quot;:&quot;dazn.png&quot;,&quot;name&quot;:&quot;DAZN&quot;},{&quot;coloredIconName&quot;:&quot;streaming/colored/acorntv.png&quot;,&quot;iconName&quot;:&quot;acorntv.png&quot;,&quot;name&quot;:&quot;Acorn TV&quot;},{&quot;coloredIconName&quot;:&quot;streaming/colored/britbox.png&quot;,&quot;iconName&quot;:&quot;britbox.png&quot;,&quot;name&quot;:&quot;Britbox&quot;},{&quot;coloredIconName&quot;:&quot;streaming/colored/hallmarkplus.png&quot;,&quot;iconName&quot;:&quot;hallmarkplus.png&quot;,&quot;name&quot;:&quot;Hallmark+&quot;},{&quot;coloredIconName&quot;:&quot;streaming/colored/mgmplus.png&quot;,&quot;iconName&quot;:&quot;mgmplus.png&quot;,&quot;name&quot;:&quot;MGM+&quot;},{&quot;coloredIconName&quot;:&quot;streaming/colored/philo.png&quot;,&quot;iconName&quot;:&quot;philo.png&quot;,&quot;name&quot;:&quot;Philo&quot;}]},&quot;CH&quot;:{&quot;2&quot;:[{&quot;coloredIconName&quot;:&quot;streaming/colored/netflix.png&quot;,&quot;iconName&quot;:&quot;netflix.png&quot;,&quot;name&quot;:&quot;Netflix&quot;},{&quot;coloredIconName&quot;:&quot;streaming/colored/amazonprime.png&quot;,&quot;iconName&quot;:&quot;amazonprime.png&quot;,&quot;name&quot;:&quot;Amazon Prime&quot;},{&quot;coloredIconName&quot;:&quot;streaming/colored/disneyplus.png&quot;,&quot;iconName&quot;:&quot;disneyplus.png&quot;,&quot;name&quot;:&quot;DisneyPlus&quot;},{&quot;coloredIconName&quot;:&quot;streaming/colored/paramountplus.png&quot;,&quot;iconName&quot;:&quot;paramountplus.png&quot;,&quot;name&quot;:&quot;Paramount+&quot;},{&quot;coloredIconName&quot;:&quot;streaming/colored/srf-rts-rsi.png&quot;,&quot;iconName&quot;:&quot;srf-rts-rsi.png&quot;,&quot;name&quot;:&quot;SRF RTS RSI&quot;},{&quot;coloredIconName&quot;:&quot;streaming/colored/dazn.png&quot;,&quot;iconName&quot;:&quot;dazn.png&quot;,&quot;name&quot;:&quot;DAZN&quot;},{&quot;coloredIconName&quot;:&quot;streaming/colored/blick.png&quot;,&quot;iconName&quot;:&quot;blick.png&quot;,&quot;name&quot;:&quot;Blick TV&quot;},{&quot;coloredIconName&quot;:&quot;streaming/colored/canalplus.png&quot;,&quot;iconName&quot;:&quot;canalplus.png&quot;,&quot;name&quot;:&quot;Canal+&quot;}]},&quot;ES&quot;:{&quot;2&quot;:[{&quot;coloredIconName&quot;:&quot;streaming/colored/netflix.png&quot;,&quot;iconName&quot;:&quot;netflix.png&quot;,&quot;name&quot;:&quot;Netflix&quot;},{&quot;coloredIconName&quot;:&quot;streaming/colored/amazonprime.png&quot;,&quot;iconName&quot;:&quot;amazonprime.png&quot;,&quot;name&quot;:&quot;Amazon Prime&quot;},{&quot;coloredIconName&quot;:&quot;streaming/colored/disneyplus.png&quot;,&quot;iconName&quot;:&quot;disneyplus.png&quot;,&quot;name&quot;:&quot;DisneyPlus&quot;},{&quot;coloredIconName&quot;:&quot;streaming/colored/max.png&quot;,&quot;iconName&quot;:&quot;max.png&quot;,&quot;name&quot;:&quot;Max&quot;},{&quot;coloredIconName&quot;:&quot;streaming/colored/dazn.png&quot;,&quot;iconName&quot;:&quot;dazn.png&quot;,&quot;name&quot;:&quot;DAZN&quot;},{&quot;coloredIconName&quot;:&quot;streaming/colored/atresplayer.png&quot;,&quot;iconName&quot;:&quot;atresplayer.png&quot;,&quot;name&quot;:&quot;Atresplayer&quot;},{&quot;coloredIconName&quot;:&quot;streaming/colored/rtve-play.png&quot;,&quot;iconName&quot;:&quot;rtve-play.png&quot;,&quot;name&quot;:&quot;RTVE Play&quot;},{&quot;coloredIconName&quot;:&quot;streaming/colored/mitele.png&quot;,&quot;iconName&quot;:&quot;mitele.png&quot;,&quot;name&quot;:&quot;Mitele&quot;},{&quot;coloredIconName&quot;:&quot;streaming/colored/movistar-plus.png&quot;,&quot;iconName&quot;:&quot;movistar-plus.png&quot;,&quot;name&quot;:&quot;Movistar Plus&quot;}]},&quot;KR&quot;:{&quot;2&quot;:[{&quot;coloredIconName&quot;:&quot;streaming/colored/netflix.png&quot;,&quot;iconName&quot;:&quot;netflix.png&quot;,&quot;name&quot;:&quot;Netflix&quot;},{&quot;coloredIconName&quot;:&quot;streaming/colored/wavve.png&quot;,&quot;iconName&quot;:&quot;wavve.png&quot;,&quot;name&quot;:&quot;Wavve&quot;}]},&quot;PL&quot;:{&quot;2&quot;:[{&quot;coloredIconName&quot;:&quot;streaming/colored/netflix.png&quot;,&quot;iconName&quot;:&quot;netflix.png&quot;,&quot;name&quot;:&quot;Netflix&quot;},{&quot;coloredIconName&quot;:&quot;streaming/colored/amazonprime.png&quot;,&quot;iconName&quot;:&quot;amazonprime.png&quot;,&quot;name&quot;:&quot;Amazon Prime&quot;},{&quot;coloredIconName&quot;:&quot;streaming/colored/disneyplus.png&quot;,&quot;iconName&quot;:&quot;disneyplus.png&quot;,&quot;name&quot;:&quot;DisneyPlus&quot;},{&quot;coloredIconName&quot;:&quot;streaming/colored/max.png&quot;,&quot;iconName&quot;:&quot;max.png&quot;,&quot;name&quot;:&quot;Max&quot;},{&quot;coloredIconName&quot;:&quot;streaming/colored/dazn.png&quot;,&quot;iconName&quot;:&quot;dazn.png&quot;,&quot;name&quot;:&quot;DAZN&quot;}]},&quot;NL&quot;:{&quot;2&quot;:[{&quot;coloredIconName&quot;:&quot;streaming/colored/netflix.png&quot;,&quot;iconName&quot;:&quot;netflix.png&quot;,&quot;name&quot;:&quot;Netflix&quot;},{&quot;coloredIconName&quot;:&quot;streaming/colored/max.png&quot;,&quot;iconName&quot;:&quot;max.png&quot;,&quot;name&quot;:&quot;Max&quot;},{&quot;coloredIconName&quot;:&quot;streaming/colored/ziggo-go.png&quot;,&quot;iconName&quot;:&quot;ziggo-go.png&quot;,&quot;name&quot;:&quot;Ziggo Go&quot;}]},&quot;FI&quot;:{&quot;2&quot;:[{&quot;coloredIconName&quot;:&quot;streaming/colored/max.png&quot;,&quot;iconName&quot;:&quot;max.png&quot;,&quot;name&quot;:&quot;Max&quot;},{&quot;coloredIconName&quot;:&quot;streaming/colored/yle-areena.png&quot;,&quot;iconName&quot;:&quot;yle-areena.png&quot;,&quot;name&quot;:&quot;Yle Areena&quot;},{&quot;coloredIconName&quot;:&quot;streaming/colored/mtv-katsomo.png&quot;,&quot;iconName&quot;:&quot;mtv-katsomo.png&quot;,&quot;name&quot;:&quot;MTV Katsomo&quot;},{&quot;coloredIconName&quot;:&quot;streaming/colored/ruutu.png&quot;,&quot;iconName&quot;:&quot;ruutu.png&quot;,&quot;name&quot;:&quot;Ruutu&quot;}]},&quot;RO&quot;:{&quot;2&quot;:[{&quot;coloredIconName&quot;:&quot;streaming/colored/netflix.png&quot;,&quot;iconName&quot;:&quot;netflix.png&quot;,&quot;name&quot;:&quot;Netflix&quot;},{&quot;coloredIconName&quot;:&quot;streaming/colored/max.png&quot;,&quot;iconName&quot;:&quot;max.png&quot;,&quot;name&quot;:&quot;Max&quot;}]},&quot;BR&quot;:{&quot;2&quot;:[{&quot;coloredIconName&quot;:&quot;streaming/colored/netflix.png&quot;,&quot;iconName&quot;:&quot;netflix.png&quot;,&quot;name&quot;:&quot;Netflix&quot;},{&quot;coloredIconName&quot;:&quot;streaming/colored/amazonprime.png&quot;,&quot;iconName&quot;:&quot;amazonprime.png&quot;,&quot;name&quot;:&quot;Amazon Prime&quot;},{&quot;coloredIconName&quot;:&quot;streaming/colored/disneyplus.png&quot;,&quot;iconName&quot;:&quot;disneyplus.png&quot;,&quot;name&quot;:&quot;DisneyPlus&quot;},{&quot;coloredIconName&quot;:&quot;streaming/colored/paramountplus.png&quot;,&quot;iconName&quot;:&quot;paramountplus.png&quot;,&quot;name&quot;:&quot;Paramount+&quot;},{&quot;coloredIconName&quot;:&quot;streaming/colored/max.png&quot;,&quot;iconName&quot;:&quot;max.png&quot;,&quot;name&quot;:&quot;Max&quot;}]},&quot;BE&quot;:{&quot;2&quot;:[{&quot;coloredIconName&quot;:&quot;streaming/colored/netflix.png&quot;,&quot;iconName&quot;:&quot;netflix.png&quot;,&quot;name&quot;:&quot;Netflix&quot;},{&quot;coloredIconName&quot;:&quot;streaming/colored/max.png&quot;,&quot;iconName&quot;:&quot;max.png&quot;,&quot;name&quot;:&quot;Max&quot;},{&quot;coloredIconName&quot;:&quot;streaming/colored/rtbf-auvio.png&quot;,&quot;iconName&quot;:&quot;rtbf-auvio.png&quot;,&quot;name&quot;:&quot;RTBF Auvio&quot;}]},&quot;AR&quot;:{&quot;2&quot;:[{&quot;coloredIconName&quot;:&quot;streaming/colored/netflix.png&quot;,&quot;iconName&quot;:&quot;netflix.png&quot;,&quot;name&quot;:&quot;Netflix&quot;},{&quot;coloredIconName&quot;:&quot;streaming/colored/amazonprime.png&quot;,&quot;iconName&quot;:&quot;amazonprime.png&quot;,&quot;name&quot;:&quot;Amazon Prime&quot;},{&quot;coloredIconName&quot;:&quot;streaming/colored/disneyplus.png&quot;,&quot;iconName&quot;:&quot;disneyplus.png&quot;,&quot;name&quot;:&quot;DisneyPlus&quot;},{&quot;coloredIconName&quot;:&quot;streaming/colored/paramountplus.png&quot;,&quot;iconName&quot;:&quot;paramountplus.png&quot;,&quot;name&quot;:&quot;Paramount+&quot;},{&quot;coloredIconName&quot;:&quot;streaming/colored/max.png&quot;,&quot;iconName&quot;:&quot;max.png&quot;,&quot;name&quot;:&quot;Max&quot;}]},&quot;HK&quot;:{&quot;2&quot;:[{&quot;coloredIconName&quot;:&quot;streaming/colored/netflix.png&quot;,&quot;iconName&quot;:&quot;netflix.png&quot;,&quot;name&quot;:&quot;Netflix&quot;}]},&quot;CZ&quot;:{&quot;2&quot;:[{&quot;coloredIconName&quot;:&quot;streaming/colored/amazonprime.png&quot;,&quot;iconName&quot;:&quot;amazonprime.png&quot;,&quot;name&quot;:&quot;Amazon Prime&quot;},{&quot;coloredIconName&quot;:&quot;streaming/colored/disneyplus.png&quot;,&quot;iconName&quot;:&quot;disneyplus.png&quot;,&quot;name&quot;:&quot;DisneyPlus&quot;},{&quot;coloredIconName&quot;:&quot;streaming/colored/max.png&quot;,&quot;iconName&quot;:&quot;max.png&quot;,&quot;name&quot;:&quot;Max&quot;},{&quot;coloredIconName&quot;:&quot;streaming/colored/dazn.png&quot;,&quot;iconName&quot;:&quot;dazn.png&quot;,&quot;name&quot;:&quot;DAZN&quot;}]},&quot;NZ&quot;:{&quot;2&quot;:[{&quot;coloredIconName&quot;:&quot;streaming/colored/netflix.png&quot;,&quot;iconName&quot;:&quot;netflix.png&quot;,&quot;name&quot;:&quot;Netflix&quot;},{&quot;coloredIconName&quot;:&quot;streaming/colored/acorntv.png&quot;,&quot;iconName&quot;:&quot;acorntv.png&quot;,&quot;name&quot;:&quot;Acorn TV&quot;},{&quot;coloredIconName&quot;:&quot;streaming/colored/tvnzplus.png&quot;,&quot;iconName&quot;:&quot;tvnzplus.png&quot;,&quot;name&quot;:&quot;TVNZ+&quot;},{&quot;coloredIconName&quot;:&quot;streaming/colored/threenow.png&quot;,&quot;iconName&quot;:&quot;threenow.png&quot;,&quot;name&quot;:&quot;ThreeNow&quot;}]},&quot;NO&quot;:{&quot;2&quot;:[{&quot;coloredIconName&quot;:&quot;streaming/colored/amazonprime.png&quot;,&quot;iconName&quot;:&quot;amazonprime.png&quot;,&quot;name&quot;:&quot;Amazon Prime&quot;},{&quot;coloredIconName&quot;:&quot;streaming/colored/disneyplus.png&quot;,&quot;iconName&quot;:&quot;disneyplus.png&quot;,&quot;name&quot;:&quot;DisneyPlus&quot;},{&quot;coloredIconName&quot;:&quot;streaming/colored/max.png&quot;,&quot;iconName&quot;:&quot;max.png&quot;,&quot;name&quot;:&quot;Max&quot;},{&quot;coloredIconName&quot;:&quot;streaming/colored/dazn.png&quot;,&quot;iconName&quot;:&quot;dazn.png&quot;,&quot;name&quot;:&quot;DAZN&quot;},{&quot;coloredIconName&quot;:&quot;streaming/colored/nrk.png&quot;,&quot;iconName&quot;:&quot;nrk.png&quot;,&quot;name&quot;:&quot;NRK&quot;}]},&quot;SE&quot;:{&quot;2&quot;:[{&quot;coloredIconName&quot;:&quot;streaming/colored/netflix.png&quot;,&quot;iconName&quot;:&quot;netflix.png&quot;,&quot;name&quot;:&quot;Netflix&quot;},{&quot;coloredIconName&quot;:&quot;streaming/colored/max.png&quot;,&quot;iconName&quot;:&quot;max.png&quot;,&quot;name&quot;:&quot;Max&quot;},{&quot;coloredIconName&quot;:&quot;streaming/colored/svt-play.png&quot;,&quot;iconName&quot;:&quot;svt-play.png&quot;,&quot;name&quot;:&quot;SVT Play&quot;},{&quot;coloredIconName&quot;:&quot;streaming/colored/tv4-play.png&quot;,&quot;iconName&quot;:&quot;tv4-play.png&quot;,&quot;name&quot;:&quot;TV4 Play&quot;}]},&quot;ZA&quot;:{&quot;2&quot;:[{&quot;coloredIconName&quot;:&quot;streaming/colored/netflix.png&quot;,&quot;iconName&quot;:&quot;netflix.png&quot;,&quot;name&quot;:&quot;Netflix&quot;},{&quot;coloredIconName&quot;:&quot;streaming/colored/dstv.png&quot;,&quot;iconName&quot;:&quot;dstv.png&quot;,&quot;name&quot;:&quot;DStv&quot;}]},&quot;MX&quot;:{&quot;2&quot;:[{&quot;coloredIconName&quot;:&quot;streaming/colored/netflix.png&quot;,&quot;iconName&quot;:&quot;netflix.png&quot;,&quot;name&quot;:&quot;Netflix&quot;},{&quot;coloredIconName&quot;:&quot;streaming/colored/amazonprime.png&quot;,&quot;iconName&quot;:&quot;amazonprime.png&quot;,&quot;name&quot;:&quot;Amazon Prime&quot;},{&quot;coloredIconName&quot;:&quot;streaming/colored/disneyplus.png&quot;,&quot;iconName&quot;:&quot;disneyplus.png&quot;,&quot;name&quot;:&quot;DisneyPlus&quot;},{&quot;coloredIconName&quot;:&quot;streaming/colored/paramountplus.png&quot;,&quot;iconName&quot;:&quot;paramountplus.png&quot;,&quot;name&quot;:&quot;Paramount+&quot;},{&quot;coloredIconName&quot;:&quot;streaming/colored/max.png&quot;,&quot;iconName&quot;:&quot;max.png&quot;,&quot;name&quot;:&quot;Max&quot;}]},&quot;DK&quot;:{&quot;2&quot;:[{&quot;coloredIconName&quot;:&quot;streaming/colored/max.png&quot;,&quot;iconName&quot;:&quot;max.png&quot;,&quot;name&quot;:&quot;Max&quot;},{&quot;coloredIconName&quot;:&quot;streaming/colored/drtv.png&quot;,&quot;iconName&quot;:&quot;drtv.png&quot;,&quot;name&quot;:&quot;DRTV&quot;}]},&quot;TR&quot;:{&quot;2&quot;:[{&quot;coloredIconName&quot;:&quot;streaming/colored/netflix.png&quot;,&quot;iconName&quot;:&quot;netflix.png&quot;,&quot;name&quot;:&quot;Netflix&quot;}]},&quot;PT&quot;:{&quot;2&quot;:[{&quot;coloredIconName&quot;:&quot;streaming/colored/netflix.png&quot;,&quot;iconName&quot;:&quot;netflix.png&quot;,&quot;name&quot;:&quot;Netflix&quot;},{&quot;coloredIconName&quot;:&quot;streaming/colored/max.png&quot;,&quot;iconName&quot;:&quot;max.png&quot;,&quot;name&quot;:&quot;Max&quot;}]},&quot;AT&quot;:{&quot;2&quot;:[{&quot;coloredIconName&quot;:&quot;streaming/colored/amazonprime.png&quot;,&quot;iconName&quot;:&quot;amazonprime.png&quot;,&quot;name&quot;:&quot;Amazon Prime&quot;},{&quot;coloredIconName&quot;:&quot;streaming/colored/disneyplus.png&quot;,&quot;iconName&quot;:&quot;disneyplus.png&quot;,&quot;name&quot;:&quot;DisneyPlus&quot;},{&quot;coloredIconName&quot;:&quot;streaming/colored/paramountplus.png&quot;,&quot;iconName&quot;:&quot;paramountplus.png&quot;,&quot;name&quot;:&quot;Paramount+&quot;},{&quot;coloredIconName&quot;:&quot;streaming/colored/servustv.png&quot;,&quot;iconName&quot;:&quot;servustv.png&quot;,&quot;name&quot;:&quot;ServusTV&quot;},{&quot;coloredIconName&quot;:&quot;streaming/colored/orf-on.png&quot;,&quot;iconName&quot;:&quot;orf-on.png&quot;,&quot;name&quot;:&quot;ORF On&quot;}]},&quot;LT&quot;:{&quot;2&quot;:[{&quot;coloredIconName&quot;:&quot;streaming/colored/netflix.png&quot;,&quot;iconName&quot;:&quot;netflix.png&quot;,&quot;name&quot;:&quot;Netflix&quot;},{&quot;coloredIconName&quot;:&quot;streaming/colored/go3.png&quot;,&quot;iconName&quot;:&quot;go3.png&quot;,&quot;name&quot;:&quot;Go3&quot;},{&quot;coloredIconName&quot;:&quot;streaming/colored/tv3-play.png&quot;,&quot;iconName&quot;:&quot;tv3-play.png&quot;,&quot;name&quot;:&quot;TV3 Play&quot;}]},&quot;SK&quot;:{&quot;2&quot;:[{&quot;coloredIconName&quot;:&quot;streaming/colored/netflix.png&quot;,&quot;iconName&quot;:&quot;netflix.png&quot;,&quot;name&quot;:&quot;Netflix&quot;},{&quot;coloredIconName&quot;:&quot;streaming/colored/max.png&quot;,&quot;iconName&quot;:&quot;max.png&quot;,&quot;name&quot;:&quot;Max&quot;}]},&quot;UA&quot;:{&quot;2&quot;:[{&quot;coloredIconName&quot;:&quot;streaming/colored/netflix.png&quot;,&quot;iconName&quot;:&quot;netflix.png&quot;,&quot;name&quot;:&quot;Netflix&quot;}]},&quot;CO&quot;:{&quot;2&quot;:[{&quot;coloredIconName&quot;:&quot;streaming/colored/amazonprime.png&quot;,&quot;iconName&quot;:&quot;amazonprime.png&quot;,&quot;name&quot;:&quot;Amazon Prime&quot;},{&quot;coloredIconName&quot;:&quot;streaming/colored/disneyplus.png&quot;,&quot;iconName&quot;:&quot;disneyplus.png&quot;,&quot;name&quot;:&quot;DisneyPlus&quot;},{&quot;coloredIconName&quot;:&quot;streaming/colored/paramountplus.png&quot;,&quot;iconName&quot;:&quot;paramountplus.png&quot;,&quot;name&quot;:&quot;Paramount+&quot;},{&quot;coloredIconName&quot;:&quot;streaming/colored/max.png&quot;,&quot;iconName&quot;:&quot;max.png&quot;,&quot;name&quot;:&quot;Max&quot;}]},&quot;CL&quot;:{&quot;2&quot;:[{&quot;coloredIconName&quot;:&quot;streaming/colored/amazonprime.png&quot;,&quot;iconName&quot;:&quot;amazonprime.png&quot;,&quot;name&quot;:&quot;Amazon Prime&quot;},{&quot;coloredIconName&quot;:&quot;streaming/colored/disneyplus.png&quot;,&quot;iconName&quot;:&quot;disneyplus.png&quot;,&quot;name&quot;:&quot;DisneyPlus&quot;},{&quot;coloredIconName&quot;:&quot;streaming/colored/paramountplus.png&quot;,&quot;iconName&quot;:&quot;paramountplus.png&quot;,&quot;name&quot;:&quot;Paramount+&quot;},{&quot;coloredIconName&quot;:&quot;streaming/colored/max.png&quot;,&quot;iconName&quot;:&quot;max.png&quot;,&quot;name&quot;:&quot;Max&quot;}]},&quot;PE&quot;:{&quot;2&quot;:[{&quot;coloredIconName&quot;:&quot;streaming/colored/amazonprime.png&quot;,&quot;iconName&quot;:&quot;amazonprime.png&quot;,&quot;name&quot;:&quot;Amazon Prime&quot;},{&quot;coloredIconName&quot;:&quot;streaming/colored/disneyplus.png&quot;,&quot;iconName&quot;:&quot;disneyplus.png&quot;,&quot;name&quot;:&quot;DisneyPlus&quot;},{&quot;coloredIconName&quot;:&quot;streaming/colored/paramountplus.png&quot;,&quot;iconName&quot;:&quot;paramountplus.png&quot;,&quot;name&quot;:&quot;Paramount+&quot;},{&quot;coloredIconName&quot;:&quot;streaming/colored/max.png&quot;,&quot;iconName&quot;:&quot;max.png&quot;,&quot;name&quot;:&quot;Max&quot;}]},&quot;CR&quot;:{&quot;2&quot;:[{&quot;coloredIconName&quot;:&quot;streaming/colored/amazonprime.png&quot;,&quot;iconName&quot;:&quot;amazonprime.png&quot;,&quot;name&quot;:&quot;Amazon Prime&quot;},{&quot;coloredIconName&quot;:&quot;streaming/colored/disneyplus.png&quot;,&quot;iconName&quot;:&quot;disneyplus.png&quot;,&quot;name&quot;:&quot;DisneyPlus&quot;},{&quot;coloredIconName&quot;:&quot;streaming/colored/paramountplus.png&quot;,&quot;iconName&quot;:&quot;paramountplus.png&quot;,&quot;name&quot;:&quot;Paramount+&quot;},{&quot;coloredIconName&quot;:&quot;streaming/colored/max.png&quot;,&quot;iconName&quot;:&quot;max.png&quot;,&quot;name&quot;:&quot;Max&quot;}]},&quot;MY&quot;:{&quot;2&quot;:[{&quot;coloredIconName&quot;:&quot;streaming/colored/netflix.png&quot;,&quot;iconName&quot;:&quot;netflix.png&quot;,&quot;name&quot;:&quot;Netflix&quot;}]},&quot;PH&quot;:{&quot;2&quot;:[{&quot;coloredIconName&quot;:&quot;streaming/colored/netflix.png&quot;,&quot;iconName&quot;:&quot;netflix.png&quot;,&quot;name&quot;:&quot;Netflix&quot;}]},&quot;BG&quot;:{&quot;2&quot;:[{&quot;coloredIconName&quot;:&quot;streaming/colored/max.png&quot;,&quot;iconName&quot;:&quot;max.png&quot;,&quot;name&quot;:&quot;Max&quot;}]},&quot;HR&quot;:{&quot;2&quot;:[{&quot;coloredIconName&quot;:&quot;streaming/colored/max.png&quot;,&quot;iconName&quot;:&quot;max.png&quot;,&quot;name&quot;:&quot;Max&quot;}]},&quot;MK&quot;:{&quot;2&quot;:[{&quot;coloredIconName&quot;:&quot;streaming/colored/max.png&quot;,&quot;iconName&quot;:&quot;max.png&quot;,&quot;name&quot;:&quot;Max&quot;},{&quot;coloredIconName&quot;:&quot;streaming/colored/gley.png&quot;,&quot;iconName&quot;:&quot;gley.png&quot;,&quot;name&quot;:&quot;Gley&quot;}]},&quot;RS&quot;:{&quot;2&quot;:[{&quot;coloredIconName&quot;:&quot;streaming/colored/max.png&quot;,&quot;iconName&quot;:&quot;max.png&quot;,&quot;name&quot;:&quot;Max&quot;}]},&quot;SI&quot;:{&quot;2&quot;:[{&quot;coloredIconName&quot;:&quot;streaming/colored/max.png&quot;,&quot;iconName&quot;:&quot;max.png&quot;,&quot;name&quot;:&quot;Max&quot;}]},&quot;HU&quot;:{&quot;2&quot;:[{&quot;coloredIconName&quot;:&quot;streaming/colored/max.png&quot;,&quot;iconName&quot;:&quot;max.png&quot;,&quot;name&quot;:&quot;Max&quot;}]},&quot;MD&quot;:{&quot;2&quot;:[{&quot;coloredIconName&quot;:&quot;streaming/colored/max.png&quot;,&quot;iconName&quot;:&quot;max.png&quot;,&quot;name&quot;:&quot;Max&quot;}]},&quot;EC&quot;:{&quot;2&quot;:[{&quot;coloredIconName&quot;:&quot;streaming/colored/max.png&quot;,&quot;iconName&quot;:&quot;max.png&quot;,&quot;name&quot;:&quot;Max&quot;}]},&quot;SV&quot;:{&quot;2&quot;:[{&quot;coloredIconName&quot;:&quot;streaming/colored/max.png&quot;,&quot;iconName&quot;:&quot;max.png&quot;,&quot;name&quot;:&quot;Max&quot;}]},&quot;VE&quot;:{&quot;2&quot;:[{&quot;coloredIconName&quot;:&quot;streaming/colored/max.png&quot;,&quot;iconName&quot;:&quot;max.png&quot;,&quot;name&quot;:&quot;Max&quot;}]},&quot;IE&quot;:{&quot;2&quot;:[{&quot;coloredIconName&quot;:&quot;streaming/colored/rte-player.png&quot;,&quot;iconName&quot;:&quot;rte-player.png&quot;,&quot;name&quot;:&quot;RTE Player&quot;},{&quot;coloredIconName&quot;:&quot;streaming/colored/tg4.png&quot;,&quot;iconName&quot;:&quot;tg4.png&quot;,&quot;name&quot;:&quot;TG4&quot;}]},&quot;RU&quot;:{&quot;2&quot;:[{&quot;coloredIconName&quot;:&quot;streaming/colored/kinopoisk.png&quot;,&quot;iconName&quot;:&quot;kinopoisk.png&quot;,&quot;name&quot;:&quot;Kinopoisk&quot;},{&quot;coloredIconName&quot;:&quot;streaming/colored/ivi.png&quot;,&quot;iconName&quot;:&quot;ivi.png&quot;,&quot;name&quot;:&quot;Ivi&quot;}]},&quot;*&quot;:{&quot;2&quot;:[{&quot;coloredIconName&quot;:&quot;streaming/colored/bbc.png&quot;,&quot;iconName&quot;:&quot;bbc.png&quot;,&quot;name&quot;:&quot;BBC iPlayer&quot;}]}},&quot;resourceBaseURL&quot;:&quot;https://protonvpn.com/download/resources/&quot;}}</string>
    <string name="com.protonvpn.android.models.config.bugreport.DynamicReportModel">{&quot;categories&quot;:[{&quot;inputFields&quot;:[{&quot;dropdownOptions&quot;:[],&quot;isMandatory&quot;:true,&quot;label&quot;:&quot;Network type&quot;,&quot;placeholder&quot;:&quot;Example \u003d\u003e Home Wi-Fi, Home ethernet, Mobile network, public Wi-Fi, school or university Wi-Fi, work Wi-Fi&quot;,&quot;submitLabel&quot;:&quot;Network type&quot;,&quot;type&quot;:&quot;TextMultiLine&quot;},{&quot;dropdownOptions&quot;:[],&quot;isMandatory&quot;:true,&quot;label&quot;:&quot;What are you trying to do?&quot;,&quot;placeholder&quot;:&quot;Example \u003d\u003e browse a website, upload pictures, download files&quot;,&quot;submitLabel&quot;:&quot;What are you trying to do?&quot;,&quot;type&quot;:&quot;TextMultiLine&quot;},{&quot;dropdownOptions&quot;:[],&quot;isMandatory&quot;:true,&quot;label&quot;:&quot;What is your current download speed? You can find this by performing a free speed test online.&quot;,&quot;placeholder&quot;:&quot;Example \u003d\u003e 50 Mb/s&quot;,&quot;submitLabel&quot;:&quot;What is your current download speed? You can find this by performing a free speed test online.&quot;,&quot;type&quot;:&quot;TextSingleLine&quot;},{&quot;dropdownOptions&quot;:[],&quot;isMandatory&quot;:true,&quot;label&quot;:&quot;Disconnect from VPN and perform another speed test. Enter your download speed below.&quot;,&quot;placeholder&quot;:&quot;Example \u003d\u003e 80 Mb/s&quot;,&quot;submitLabel&quot;:&quot;Disconnect from VPN and perform another speed test. Enter your download speed below.&quot;,&quot;type&quot;:&quot;TextSingleLine&quot;}],&quot;label&quot;:&quot;Browsing speed&quot;,&quot;submitLabel&quot;:&quot;Browsing speed&quot;,&quot;suggestions&quot;:[{&quot;link&quot;:&quot;https://protonvpn.com/support/secure-core-vpn/&quot;,&quot;text&quot;:&quot;Turn off Secure Core. It can sometimes slow down your connection.&quot;},{&quot;link&quot;:&quot;https://protonvpn.com/support/how-to-change-vpn-protocols/&quot;,&quot;text&quot;:&quot;Use another VPN protocol.&quot;},{&quot;text&quot;:&quot;Try a different server. Servers in nearby countries often have faster connection speeds.&quot;}]},{&quot;inputFields&quot;:[{&quot;dropdownOptions&quot;:[],&quot;isMandatory&quot;:true,&quot;label&quot;:&quot;What is the website/service you are unable to access?&quot;,&quot;placeholder&quot;:&quot;Please provide the exact URL (link) of the website/service you are unable to access.&quot;,&quot;submitLabel&quot;:&quot;What is the website/service you are unable to access?&quot;,&quot;type&quot;:&quot;TextMultiLine&quot;},{&quot;dropdownOptions&quot;:[],&quot;isMandatory&quot;:true,&quot;label&quot;:&quot;Which VPN server are you connected to? Enter the full server name or IP address.&quot;,&quot;placeholder&quot;:&quot;Example \u003d\u003e CH#10&quot;,&quot;submitLabel&quot;:&quot;Which VPN server are you connected to? Enter the full server name or IP address.&quot;,&quot;type&quot;:&quot;TextSingleLine&quot;},{&quot;dropdownOptions&quot;:[],&quot;isMandatory&quot;:true,&quot;label&quot;:&quot;Which quick fixes have you tried?&quot;,&quot;placeholder&quot;:&quot;Example \u003d\u003e Tried a different server, cleared my cache, used a different web browser&quot;,&quot;submitLabel&quot;:&quot;Which quick fixes have you tried?&quot;,&quot;type&quot;:&quot;TextMultiLine&quot;}],&quot;label&quot;:&quot;CAPTCHA issues&quot;,&quot;submitLabel&quot;:&quot;CAPTCHA issues&quot;,&quot;suggestions&quot;:[{&quot;link&quot;:&quot;https://protonvpn.com/support/server-load-percentages-and-colors-explained/&quot;,&quot;text&quot;:&quot;Try a different server with lower server load.&quot;},{&quot;link&quot;:&quot;https://protonvpn.com/support/clear-browser-cache-cookies/&quot;,&quot;text&quot;:&quot;Clear your cache. You can do this in your browser settings.&quot;},{&quot;text&quot;:&quot;Try a different web browser.&quot;}]},{&quot;inputFields&quot;:[{&quot;dropdownOptions&quot;:[],&quot;isMandatory&quot;:true,&quot;label&quot;:&quot;Network type&quot;,&quot;placeholder&quot;:&quot;Example \u003d\u003e Home Wi-Fi, Home ethernet, Mobile network, public Wi-Fi, school or university Wi-Fi, work Wi-Fi&quot;,&quot;submitLabel&quot;:&quot;Network type&quot;,&quot;type&quot;:&quot;TextMultiLine&quot;},{&quot;dropdownOptions&quot;:[],&quot;isMandatory&quot;:true,&quot;label&quot;:&quot;Which server are you trying to connect to? Enter the full server name or IP address.&quot;,&quot;placeholder&quot;:&quot;Example \u003d\u003e CH#10&quot;,&quot;submitLabel&quot;:&quot;Which server are you trying to connect to? Enter the full server name or IP address.&quot;,&quot;type&quot;:&quot;TextSingleLine&quot;},{&quot;dropdownOptions&quot;:[],&quot;isMandatory&quot;:true,&quot;label&quot;:&quot;Which quick fixes have you tried?&quot;,&quot;placeholder&quot;:&quot;Example \u003d\u003e Tried a different server, used another VPN protocol, turned off antivirus or firewall&quot;,&quot;submitLabel&quot;:&quot;Which quick fixes have you tried?&quot;,&quot;type&quot;:&quot;TextMultiLine&quot;}],&quot;label&quot;:&quot;Connecting to VPN&quot;,&quot;submitLabel&quot;:&quot;Connecting to VPN&quot;,&quot;suggestions&quot;:[{&quot;text&quot;:&quot;Try a different server. Servers in nearby countries often have faster connection speeds.&quot;},{&quot;link&quot;:&quot;https://protonvpn.com/support/how-to-change-vpn-protocols/&quot;,&quot;text&quot;:&quot;Try a different VPN protocol.&quot;},{&quot;text&quot;:&quot;Turn off any antivirus or firewall software. They could be interfering with your VPN connection.&quot;}]},{&quot;inputFields&quot;:[{&quot;dropdownOptions&quot;:[],&quot;isMandatory&quot;:true,&quot;label&quot;:&quot;Network type&quot;,&quot;placeholder&quot;:&quot;Example \u003d\u003e Home Wi-Fi, Home ethernet, Mobile network, public Wi-Fi, school or university Wi-Fi, work Wi-Fi&quot;,&quot;submitLabel&quot;:&quot;Network type&quot;,&quot;type&quot;:&quot;TextMultiLine&quot;},{&quot;dropdownOptions&quot;:[],&quot;isMandatory&quot;:true,&quot;label&quot;:&quot;Are there any specific actions that cause this problem?&quot;,&quot;placeholder&quot;:&quot;Example \u003d\u003e Locking my device, switching network, putting my device in sleep mode&quot;,&quot;submitLabel&quot;:&quot;Are there any specific actions that cause this problem?&quot;,&quot;type&quot;:&quot;TextMultiLine&quot;},{&quot;dropdownOptions&quot;:[],&quot;isMandatory&quot;:true,&quot;label&quot;:&quot;Which quick fixes have you tried?&quot;,&quot;placeholder&quot;:&quot;Example \u003d\u003e Tried a different server, used another VPN protocol, turned off antivirus or firewall, turned off power-saving mode&quot;,&quot;submitLabel&quot;:&quot;Which quick fixes have you tried?&quot;,&quot;type&quot;:&quot;TextMultiLine&quot;}],&quot;label&quot;:&quot;Weak or unstable connection&quot;,&quot;submitLabel&quot;:&quot;Weak or unstable connection&quot;,&quot;suggestions&quot;:[{&quot;text&quot;:&quot;Try a different server. Servers in nearby countries often have faster connection speeds.&quot;},{&quot;link&quot;:&quot;https://protonvpn.com/support/how-to-change-vpn-protocols/&quot;,&quot;text&quot;:&quot;Try a different VPN protocol.&quot;},{&quot;text&quot;:&quot;Turn off any antivirus or firewall software. They could be interfering with your VPN connection.&quot;},{&quot;text&quot;:&quot;Turn off power-saving (battery-optimization) mode.&quot;}]},{&quot;inputFields&quot;:[{&quot;dropdownOptions&quot;:[],&quot;isMandatory&quot;:true,&quot;label&quot;:&quot;What are you trying to do?&quot;,&quot;submitLabel&quot;:&quot;What are you trying to do?&quot;,&quot;type&quot;:&quot;TextMultiLine&quot;},{&quot;dropdownOptions&quot;:[],&quot;isMandatory&quot;:true,&quot;label&quot;:&quot;What went wrong?&quot;,&quot;placeholder&quot;:&quot;Please describe the problem in as much detail as you can. If there was an error message, let us know what it said.&quot;,&quot;submitLabel&quot;:&quot;What went wrong?&quot;,&quot;type&quot;:&quot;TextMultiLine&quot;},{&quot;dropdownOptions&quot;:[],&quot;isMandatory&quot;:true,&quot;label&quot;:&quot;Which quick fixes have you tried?&quot;,&quot;placeholder&quot;:&quot;Signed out and signed back in, restarted the app, updated the app&quot;,&quot;submitLabel&quot;:&quot;Which quick fixes have you tried?&quot;,&quot;type&quot;:&quot;TextMultiLine&quot;}],&quot;label&quot;:&quot;Using the app&quot;,&quot;submitLabel&quot;:&quot;Using the app&quot;,&quot;suggestions&quot;:[{&quot;text&quot;:&quot;Sign out and sign back in.&quot;},{&quot;text&quot;:&quot;Restart the app.&quot;},{&quot;text&quot;:&quot;Update the app.&quot;}]},{&quot;inputFields&quot;:[{&quot;dropdownOptions&quot;:[],&quot;isMandatory&quot;:true,&quot;label&quot;:&quot;Which website or service are you unable to access? Please provide the exact URL.&quot;,&quot;placeholder&quot;:&quot;Example \u003d\u003e https://example.com/example&quot;,&quot;submitLabel&quot;:&quot;Which website or service are you unable to access? Please provide the exact URL.&quot;,&quot;type&quot;:&quot;TextMultiLine&quot;},{&quot;dropdownOptions&quot;:[],&quot;isMandatory&quot;:true,&quot;label&quot;:&quot;Which VPN server are you connected to? Enter the full server name or IP address.&quot;,&quot;placeholder&quot;:&quot;Example \u003d\u003e CH#10&quot;,&quot;submitLabel&quot;:&quot;Which VPN server are you connected to? Enter the full server name or IP address.&quot;,&quot;type&quot;:&quot;TextSingleLine&quot;},{&quot;dropdownOptions&quot;:[],&quot;isMandatory&quot;:true,&quot;label&quot;:&quot;Are you using a custom DNS, proxy, or NetShield?&quot;,&quot;submitLabel&quot;:&quot;Are you using a custom DNS, proxy, or NetShield?&quot;,&quot;type&quot;:&quot;TextSingleLine&quot;},{&quot;dropdownOptions&quot;:[],&quot;isMandatory&quot;:true,&quot;label&quot;:&quot;What is the error message you received?&quot;,&quot;submitLabel&quot;:&quot;What is the error message you received?&quot;,&quot;type&quot;:&quot;TextMultiLine&quot;}],&quot;label&quot;:&quot;Can\u0027t access a website or service&quot;,&quot;submitLabel&quot;:&quot;Can\u0027t access a website or service&quot;,&quot;suggestions&quot;:[{&quot;text&quot;:&quot;Turn off any ad blockers or proxies. If you use NetShield, set it to \&quot;don\u0027t block\&quot;.&quot;},{&quot;text&quot;:&quot;Try a server from a different country.&quot;},{&quot;link&quot;:&quot;https://protonvpn.com/support/clear-browser-cache-cookies/&quot;,&quot;text&quot;:&quot;Clear your cache. You can do this in your browser settings.&quot;}]},{&quot;inputFields&quot;:[{&quot;dropdownOptions&quot;:[],&quot;isMandatory&quot;:true,&quot;label&quot;:&quot;Which streaming service are you trying to use?&quot;,&quot;placeholder&quot;:&quot;Example \u003d\u003e Netflix, Disney+, HBO&quot;,&quot;submitLabel&quot;:&quot;Which streaming service are you trying to use?&quot;,&quot;type&quot;:&quot;TextMultiLine&quot;},{&quot;dropdownOptions&quot;:[],&quot;isMandatory&quot;:true,&quot;label&quot;:&quot;Are you using a custom DNS, proxy, or NetShield?&quot;,&quot;submitLabel&quot;:&quot;Are you using a custom DNS, proxy, or NetShield?&quot;,&quot;type&quot;:&quot;TextMultiLine&quot;},{&quot;dropdownOptions&quot;:[],&quot;isMandatory&quot;:true,&quot;label&quot;:&quot;What went wrong? If you received an error message, let us know what it said.&quot;,&quot;submitLabel&quot;:&quot;What went wrong? If you received an error message, let us know what it said.&quot;,&quot;type&quot;:&quot;TextMultiLine&quot;}],&quot;label&quot;:&quot;Streaming&quot;,&quot;submitLabel&quot;:&quot;Streaming&quot;,&quot;suggestions&quot;:[{&quot;text&quot;:&quot;Try a different Plus server. Just so you know, streaming is only available on a paid VPN subscription.&quot;},{&quot;text&quot;:&quot;Clear your cache. If that doesn\u0027t work, try a different web browser.&quot;},{&quot;text&quot;:&quot;Turn off any ad blockers or proxies. If you use NetShield, set it to \&quot;don\u0027t block\&quot;.&quot;},{&quot;link&quot;:&quot;https://protonvpn.com/support/streaming-troubleshooting-guide/&quot;,&quot;text&quot;:&quot;Try the additional fixes in our streaming troubleshooting guide.&quot;}]},{&quot;inputFields&quot;:[{&quot;dropdownOptions&quot;:[],&quot;isMandatory&quot;:true,&quot;label&quot;:&quot;What are you trying to do?&quot;,&quot;placeholder&quot;:&quot;Example \u003d\u003e browse a website, upload pictures, download files&quot;,&quot;submitLabel&quot;:&quot;What are you trying to do?&quot;,&quot;type&quot;:&quot;TextMultiLine&quot;},{&quot;dropdownOptions&quot;:[],&quot;isMandatory&quot;:true,&quot;label&quot;:&quot;What went wrong?&quot;,&quot;placeholder&quot;:&quot;Please describe the problem in as much detail as you can. If there was an error message, let us know what it said.&quot;,&quot;submitLabel&quot;:&quot;What went wrong?&quot;,&quot;type&quot;:&quot;TextMultiLine&quot;}],&quot;label&quot;:&quot;Something else&quot;,&quot;submitLabel&quot;:&quot;Something else&quot;,&quot;suggestions&quot;:[]}]}</string>
</map>
