{"Fid":"fEFUb9bVRBioeSHYexJbs1","Status":3,"AuthToken":"eyJhbGciOiJFUzI1NiIsInR5cCI6IkpXVCJ9.eyJhcHBJZCI6IjE6NjYzMTg5MDU3NjA3OmFuZHJvaWQ6OTM2ODFlYzE5YzJjMzRjY2U2MDE2MiIsImV4cCI6MTc3MDkyNjQ0MCwiZmlkIjoiZkVGVWI5YlZSQmlvZVNIWWV4SmJzMSIsInByb2plY3ROdW1iZXIiOjY2MzE4OTA1NzYwN30.AB2LPV8wRQIhAOlrDUhl6aDRkcfOCLWXu8F-b--K12Su-wBxBOTiNpnrAiB4R9I_pULR9hBwxsB_ZDIRmYO_-y9OnEhDWqR250wu3g","RefreshToken":"3_AS3qfwJtuNyJSWRZiZxJdG_PbGjYJneWsr418w-fe61zikDwapMVeLQZKidON2ry1ltqbgP8MXDx7FlZnniVPEE_PEQfhX81x4sbmRrMBC_83FM","TokenCreationEpochInSecs":1770321638,"ExpiresInSecs":604800}