<?xml version='1.0' encoding='utf-8' standalone='yes' ?>
<map>
    <string name="PAYMENTS_AVAILABILITY_MESSAGE">La adquisición de suscripciones o alquileres no están disponibles en Android</string>
    <string name="access_token">rvhYB4MGXpb2GORbfgDzCca5V33JQyoe0q2ZuRK4</string>
    <string name="access_token_refresh">bxerPlBHeCRnHQLxcMC3whNN3H3Esw0BdoFs31Ab</string>
    <int name="user_id" value="1024716" />
    <string name="profile_id">92e41297-c6b0-4b60-9bfb-85334427f241</string>
    <boolean name="SHOW_ROOT_NOTIFICATION" value="true" />
    <boolean name="push_declined" value="false" />
    <boolean name="PAYMENTS_AVAILABILITY" value="false" />
    <int name="access_token_expires" value="356969679" />
    <string name="access_token_type">Bearer</string>
</map>
