<?xml version='1.0' encoding='utf-8' standalone='yes' ?>
<map>
    <long name="fire-count" value="1" />
    <string name="last-used-date">2026-02-07</string>
    <long name="fire-global" value="1770503857478" />
    <set name="kotlin/2.0.21 fire-cls/18.6.0 device-name/2036iC device-brand/vivo android-min-sdk/26 device-model/2036 fire-fcm/23.4.1 fire-analytics-ktx/21.5.0 fire-core-ktx/20.4.2 fire-analytics/21.5.0 fire-sessions/1.2.0 fire-abt/21.1.1 fire-cls-ndk/18.6.0 fire-android/33 fire-core/20.4.2 fire-perf/20.5.1 fire-perf-ktx/20.5.1 android-installer/com.google.android.packageinstaller fire-installations/17.2.0 fire-rc/21.6.0 android-platform/ fire-transport/18.1.8 android-target-sdk/35">
        <string>2026-02-07</string>
    </set>
</map>
