<?xml version='1.0' encoding='utf-8' standalone='yes' ?>
<map>
    <string name="SP_KEY_PROFILE_IDENTITIES:6Z4-676-Z56Z">Identity</string>
    <string name="comms_dmn:6Z4-676-Z56Z">eu1.clevertap-prod.com</string>
    <string name="instance:6Z4-676-Z56Z">{&quot;accountId&quot;:&quot;6Z4-676-Z56Z&quot;,&quot;accountToken&quot;:&quot;6a6-416&quot;,&quot;fcmSenderId&quot;:&quot;733328680633&quot;,&quot;analyticsOnly&quot;:false,&quot;isDefaultInstance&quot;:true,&quot;useGoogleAdId&quot;:false,&quot;disableAppLaunchedEvent&quot;:false,&quot;personalization&quot;:true,&quot;debugLevel&quot;:0,&quot;createdPostAppLaunch&quot;:false,&quot;sslPinning&quot;:false,&quot;backgroundSync&quot;:false,&quot;getEnableCustomCleverTapId&quot;:false,&quot;beta&quot;:false,&quot;allowedPushTypes&quot;:[&quot;FCM&quot;,&quot;XPS&quot;,&quot;HPS&quot;,&quot;BPS&quot;,&quot;ADM&quot;]}</string>
    <string name="ict_date:__2603fa98d1bc4202a67f89e2096a8faf:6Z4-676-Z56Z">08022026</string>
    <int name="lastSessionId:6Z4-676-Z56Z" value="1770503858" />
    <string name="comms_dmn_spiky:6Z4-676-Z56Z">eu1-spiky.clevertap-prod.com</string>
    <string name="fcm_token:6Z4-676-Z56Z">fTHIeD6jTraBEW01-A4grO:APA91bEvPwoH6drgxy8ESLinzvbj5d1TIJ8CEOs9k7If863LTLUiY8lMODPDSRaK3rGCYcKANymyzMBSk085MijrlyNwDR6zJmR9_K-Z7m0vQTO5NMvmWKA</string>
    <int name="istc_inapp:__2603fa98d1bc4202a67f89e2096a8faf:6Z4-676-Z56Z" value="0" />
    <int name="comms_mtd:6Z4-676-Z56Z" value="0" />
    <int name="comms_first_ts:6Z4-676-Z56Z" value="1770503860" />
    <boolean name="firstTimeRequest" value="false" />
    <string name="deviceId:6Z4-676-Z56Z">__2603fa98d1bc4202a67f89e2096a8faf</string>
    <int name="sexe:6Z4-676-Z56Z" value="1770503970" />
    <int name="comms_last_ts:6Z4-676-Z56Z" value="1770503861" />
</map>
