<?xml version='1.0' encoding='utf-8' standalone='yes' ?>
<map>
    <int name="AF_CACHE_VERSION" value="2" />
    <string name="AF_INSTALLATION">1537ee9d-e5cd-45d2-9da4-ec04b67d8ffc</string>
    <long name="af_rc_timestamp" value="1770410724551" />
    <boolean name="is_stop_tracking_used" value="true" />
    <boolean name="CUSTOM_INSTALL_ID_APPLIED" value="true" />
    <long name="af_rc_max_age" value="86400" />
    <string name="af_remote_config">eyJmZWF0dXJlcyI6e30sInZlciI6ImRlZmF1bHQudjEuMTYzNzE0OTUyOSJ9</string>
</map>
