{"configs_key":{"developer_logging_config":" {\"context_params\":[{\"name\":\"application.nordvpnapp.config.current_state.active_network_interface\",\"attach_to_groups\":[{\"name\":\"generic\"},{\"name\":\"crash\"}]},{\"name\":\"application.nordvpnapp.config.current_state.is_on_vpn\",\"attach_to_groups\":[{\"name\":\"generic\"},{\"name\":\"crash\"}]},{\"name\":\"application.nordvpnapp.config.current_state.isp\",\"attach_to_groups\":[{\"name\":\"generic\"}]},{\"name\":\"application.nordvpnapp.config.user_preferences.technology\",\"attach_to_groups\":[{\"name\":\"generic\"},{\"name\":\"crash\"}]}],\"enabled_event_groups\":[{\"name\":\"generic\"},{\"name\":\"crash\"}]} ","onboarding_disabled":"false","connection_issues":" [\n            {\"type\":\"connectivity\",\"topics\":[{\"identifier\":\"slow_speed\",\"url\":\"https:\/\/support.nordvpn.com\/hc\/en-us\/articles\/20379831991697-Improve-connection-speed-on-Android-with-NordVPN-app\"},{\"identifier\":\"website_unreachable\",\"url\":\"https:\/\/support.nordvpn.com\/hc\/en-us\/articles\/20095679510801-I-can-t-reach-some-websites-when-connected-to-NordVPN\"},{\"identifier\":\"streaming_issues\",\"url\":\"https:\/\/support.nordvpn.com\/hc\/en-us\/articles\/19560693763345-How-to-watch-paid-streaming-services-with-NordVPN-while-traveling\"},{\"identifier\":\"split_tunneling\",\"url\":\"https:\/\/support.nordvpn.com\/hc\/en-us\/articles\/19618692366865-What-is-Split-Tunneling-and-how-to-use-it\"}]},\n            {\"type\":\"timeout\",\"topics\":[{\"identifier\":\"unable_to_connect\",\"url\":\"https:\/\/support.nordvpn.com\/hc\/en-us\/articles\/19925722673297-Checking-your-device-configuration\"},{\"identifier\":\"restricted_country\",\"url\":\"https:\/\/support.nordvpn.com\/hc\/en-us\/articles\/19475069345553-Avoiding-local-internet-restrictions-on-Android\"}]},\n            {\"type\":\"help_center\",\"topics\":[ {\"identifier\":\"support_center\",\"url\":\"https:\/\/support.nord-help.com\/hc\/en-us\"},{\"identifier\":\"check_device_configuration\",\"url\":\"https:\/\/support.nordvpn.com\/hc\/en-us\/articles\/19925722673297-Checking-your-device-configuration\"},{\"identifier\":\"disable_ipv6\",\"url\":\"https:\/\/support.nordvpn.com\/hc\/en-us\/articles\/20323519060625-How-to-disable-IPv6-on-Android-LTE\"},{\"identifier\":\"connect_to_obfuscated_server\",\"url\":\"https:\/\/support.nordvpn.com\/hc\/en-us\/articles\/19572011021457-Connecting-to-NordVPN-from-country-with-internet-restrictions#Android---OVPN\"},{\"identifier\":\"connect_to_ikev2_protocol\",\"url\":\"https:\/\/support.nordvpn.com\/hc\/en-us\/articles\/19572011021457-Connecting-to-NordVPN-from-country-with-internet-restrictions#Android---IKEv2\"},{\"identifier\":\"improve_connection_speed\",\"url\":\"https:\/\/support.nordvpn.com\/hc\/en-us\/articles\/20379831991697-Improve-connection-speed-on-Android-with-NordVPN-app\"},{\"identifier\":\"try_split_tunneling\",\"url\":\"https:\/\/support.nordvpn.com\/hc\/en-us\/articles\/19618692366865-What-is-Split-Tunneling-and-how-to-use-it#Android\"},{\"identifier\":\"troubleshoot_streaming\",\"url\":\"https:\/\/support.nordvpn.com\/hc\/en-us\/articles\/19559968238097-Troubleshooting-steps-for-streaming\"},{\"identifier\":\"troubleshooting_login_issues\",\"url\":\"https:\/\/support.nordvpn.com\/hc\/en-us\/articles\/20196171514257-Can-t-log-into-NordVPN\/#h_01HVRFW9KZCQM684B4WMT98RG4\"},{\"identifier\":\"terms_of_service\",\"url\":\"https:\/\/my.nordaccount.com\/{locale}\/legal\/terms-of-service\"},{\"identifier\":\"privacy_policy\",\"url\":\"https:\/\/my.nordaccount.com\/{locale}\/legal\/privacy-policy\"},{\"identifier\":\"subscription_info_playstore\",\"url\":\"https:\/\/my.nordaccount.com\/{locale}\/legal\/android-subscription\/\"},{\"identifier\":\"subscription_info_unknown\",\"url\":\"https:\/\/my.nordaccount.com\/{locale}\/legal\/terms-of-service\/subscription\"},{\"identifier\":\"find_more_in_knowledge_base\",\"url\":\"https:\/\/support.nordvpn.com\/hc\/{locale}\"}]}\n            ]","mqtt_configuration":"{\"keep_alive\":60, \"clean_session\":false, \"ping_refresh_rate\":10}","server_picker_polynomial":"{\"distance\": {\"multiplier\": 0.7,\"exponent\": 0.5},\"load\": {\"multiplier\":\n            0.3,\"exponent\": 7},\"recency\": {\"multiplier\": -0.15,\"exponent\": 7,\"shift\":\n            0.5,\"constant\": 1}} ","spam_connection_config":"{\"enabled\":false,\"attempt_cooldown\":30,\"connection_count\":8}","moose_config":"{\"history\":{\"capacity\":3},\"worker\":{\"batching_limit\":0,\"compression\":false}}","snooze_service_implementation":"true","meshnet_sunset_config":"{\"enabled\":false,\"url\":\"\"}","ab_tests_information":"[]","custom_pins_enabled":"false","libquench_config":"{\"protocol\":{\"spec\":{\"enable_ech\":true}}}","purchase_retention_screen_ui_config":"{}","libtelio_features_config":"{\"lana\":{\"isEnabled\":false},\"nurse\":{\"isEnabled\":false}}","custom_tab_close_icon_enabled":"false","feature_switch_control_config":"[{\"remote_config_key\":\"scam_call_protection\",\"allowed_countries\":[\"US\",\"CA\",\"GB\",\"JP\"],\"blocked_countries\":[]}]","custom_pins_info_log_enabled":"false","wake_lock_during_token_renewal":"false","retry_connection":" [{\"protocol_type\":\"NORDLYNX\",\"attempts\":1,\"timeout_ms\":15000},\n            {\"protocol_type\":\"NORDWHISPER\",\"attempts\":1,\"timeout_ms\":15000},\n            {\"protocol_type\":\"OPENVPN_UDP\",\"attempts\":1,\"timeout_ms\":15000},\n            {\"protocol_type\":\"OPENVPN_TCP\",\"attempts\":1,\"timeout_ms\":15000}]","onboarding_lockdown":"false","api_recommended_server_config":"{\"enabled\":true,\"timeout\":7000}","special_deal":" {\n                \"promo_plan\": \"nordvpn_android_year_1_4999_20251128_v1\",\n                \"promo_identifier\": \"countdown_timer_vpn_deal\",\n                \"splash_screen_enabled\": true,\n                \"free_trial_info_visible\": true,\n                \"purchase_retention_screen_enabled\": true,\n                \"time\": {\n                    \"type\": \"hidden\"\n                },\n                \"dynamic_elements\": [\n                    {\n                        \"locale_code\": \"zh-rTW\",\n                        \"media\": {\n                            \"icon_identifier\": \"nordvpn_logo_transparent.webp\",\n                            \"media_height_dp\": \"48\"\n                        },\n                        \"floating_button\": {\n                            \"primary_button_identifier\": \"try_for_zero\"\n                        },\n                        \"timer\": {\n                            \"template\": \"boxed_design\"\n                        },\n                        \"show_description\": false,\n                        \"subtitle\": {\n                            \"text\": \"請使用我們的免費試用版來試用一下 NordVPN！\",\n                            \"color_light\": \"#1b1b1b\",\n                            \"color_dark\": \"#ffffff\"\n                        },\n                        \"benefits\": {\n                            \"show_title\": true,\n                            \"show_benefits\": true,\n                            \"benefits_icon_type\": \"TICK\"\n                        }\n                    },\n                    {\n                        \"locale_code\": \"it\",\n                        \"media\": {\n                            \"icon_identifier\": \"nordvpn_logo_transparent.webp\",\n                            \"media_height_dp\": \"48\"\n                        },\n                        \"floating_button\": {\n                            \"primary_button_identifier\": \"try_for_zero\"\n                        },\n                        \"timer\": {\n                            \"template\": \"boxed_design\"\n                        },\n                        \"show_description\": false,\n                        \"subtitle\": {\n                            \"text\": \"Attiva ora la tua prova gratuita di NordVPN!\",\n                            \"color_light\": \"#1b1b1b\",\n                            \"color_dark\": \"#ffffff\"\n                        },\n                        \"benefits\": {\n                            \"show_title\": true,\n                            \"show_benefits\": true,\n                            \"benefits_icon_type\": \"TICK\"\n                        }\n                    },\n                    {\n                        \"locale_code\": \"zh-rCN\",\n                        \"media\": {\n                            \"icon_identifier\": \"nordvpn_logo_transparent.webp\",\n                            \"media_height_dp\": \"48\"\n                        },\n                        \"floating_button\": {\n                            \"primary_button_identifier\": \"try_for_zero\"\n                        },\n                        \"timer\": {\n                            \"template\": \"boxed_design\"\n                        },\n                        \"show_description\": false,\n                        \"subtitle\": {\n                            \"text\": \"免费试用，立即体验 NordVPN！\",\n                            \"color_light\": \"#1b1b1b\",\n                            \"color_dark\": \"#ffffff\"\n                        },\n                        \"benefits\": {\n                            \"show_title\": true,\n                            \"show_benefits\": true,\n                            \"benefits_icon_type\": \"TICK\"\n                        }\n                    },\n                    {\n                        \"locale_code\": \"pt-rBR\",\n                        \"media\": {\n                            \"icon_identifier\": \"nordvpn_logo_transparent.webp\",\n                            \"media_height_dp\": \"48\"\n                        },\n                        \"floating_button\": {\n                            \"primary_button_identifier\": \"try_for_zero\"\n                        },\n                        \"timer\": {\n                            \"template\": \"boxed_design\"\n                        },\n                        \"show_description\": false,\n                        \"subtitle\": {\n                            \"text\": \"Aproveite para testar a NordVPN de graça!\",\n                            \"color_light\": \"#1b1b1b\",\n                            \"color_dark\": \"#ffffff\"\n                        },\n                        \"benefits\": {\n                            \"show_title\": true,\n                            \"show_benefits\": true,\n                            \"benefits_icon_type\": \"TICK\"\n                        }\n                    },\n                    {\n                        \"locale_code\": \"en\",\n                        \"media\": {\n                            \"icon_identifier\": \"nordvpn_logo_transparent.webp\",\n                            \"media_height_dp\": \"48\"\n                        },\n                        \"floating_button\": {\n                            \"primary_button_identifier\": \"try_for_zero\"\n                        },\n                        \"timer\": {\n                            \"template\": \"boxed_design\"\n                        },\n                        \"show_description\": false,\n                        \"subtitle\": {\n                            \"text\": \"Give NordVPN a go with our free trial!\",\n                            \"color_light\": \"#1b1b1b\",\n                            \"color_dark\": \"#ffffff\"\n                        },\n                        \"benefits\": {\n                            \"show_title\": true,\n                            \"show_benefits\": true,\n                            \"benefits_icon_type\": \"TICK\"\n                        }\n                    },\n                    {\n                        \"locale_code\": \"pl\",\n                        \"media\": {\n                            \"icon_identifier\": \"nordvpn_logo_transparent.webp\",\n                            \"media_height_dp\": \"48\"\n                        },\n                        \"floating_button\": {\n                            \"primary_button_identifier\": \"try_for_zero\"\n                        },\n                        \"timer\": {\n                            \"template\": \"boxed_design\"\n                        },\n                        \"show_description\": false,\n                        \"subtitle\": {\n                            \"text\": \"Wypróbuj NordVPN dzięki naszej bezpłatnej wersji próbnej!\",\n                            \"color_light\": \"#1b1b1b\",\n                            \"color_dark\": \"#ffffff\"\n                        },\n                        \"benefits\": {\n                            \"show_title\": true,\n                            \"show_benefits\": true,\n                            \"benefits_icon_type\": \"TICK\"\n                        }\n                    },\n                    {\n                        \"locale_code\": \"sv\",\n                        \"media\": {\n                            \"icon_identifier\": \"nordvpn_logo_transparent.webp\",\n                            \"media_height_dp\": \"48\"\n                        },\n                        \"floating_button\": {\n                            \"primary_button_identifier\": \"try_for_zero\"\n                        },\n                        \"timer\": {\n                            \"template\": \"boxed_design\"\n                        },\n                        \"show_description\": false,\n                        \"subtitle\": {\n                            \"text\": \"Prova NordVPN med vår gratis provperiod!\",\n                            \"color_light\": \"#1b1b1b\",\n                            \"color_dark\": \"#ffffff\"\n                        },\n                        \"benefits\": {\n                            \"show_title\": true,\n                            \"show_benefits\": true,\n                            \"benefits_icon_type\": \"TICK\"\n                        }\n                    },\n                    {\n                        \"locale_code\": \"pt-rPT\",\n                        \"media\": {\n                            \"icon_identifier\": \"nordvpn_logo_transparent.webp\",\n                            \"media_height_dp\": \"48\"\n                        },\n                        \"floating_button\": {\n                            \"primary_button_identifier\": \"try_for_zero\"\n                        },\n                        \"timer\": {\n                            \"template\": \"boxed_design\"\n                        },\n                        \"show_description\": false,\n                        \"subtitle\": {\n                            \"text\": \"Experimente a NordVPN com a nossa avaliação grátis!\",\n                            \"color_light\": \"#1b1b1b\",\n                            \"color_dark\": \"#ffffff\"\n                        },\n                        \"benefits\": {\n                            \"show_title\": true,\n                            \"show_benefits\": true,\n                            \"benefits_icon_type\": \"TICK\"\n                        }\n                    },\n                    {\n                        \"locale_code\": \"fr\",\n                        \"media\": {\n                            \"icon_identifier\": \"nordvpn_logo_transparent.webp\",\n                            \"media_height_dp\": \"48\"\n                        },\n                        \"floating_button\": {\n                            \"primary_button_identifier\": \"try_for_zero\"\n                        },\n                        \"timer\": {\n                            \"template\": \"boxed_design\"\n                        },\n                        \"show_description\": false,\n                        \"subtitle\": {\n                            \"text\": \"Essayez NordVPN avec notre essai gratuit !\",\n                            \"color_light\": \"#1b1b1b\",\n                            \"color_dark\": \"#ffffff\"\n                        },\n                        \"benefits\": {\n                            \"show_title\": true,\n                            \"show_benefits\": true,\n                            \"benefits_icon_type\": \"TICK\"\n                        }\n                    },\n                    {\n                        \"locale_code\": \"es\",\n                        \"media\": {\n                            \"icon_identifier\": \"nordvpn_logo_transparent.webp\",\n                            \"media_height_dp\": \"48\"\n                        },\n                        \"floating_button\": {\n                            \"primary_button_identifier\": \"try_for_zero\"\n                        },\n                        \"timer\": {\n                            \"template\": \"boxed_design\"\n                        },\n                        \"show_description\": false,\n                        \"subtitle\": {\n                            \"text\": \"¡Utiliza NordVPN con nuestra prueba gratuita!\",\n                            \"color_light\": \"#1b1b1b\",\n                            \"color_dark\": \"#ffffff\"\n                        },\n                        \"benefits\": {\n                            \"show_title\": true,\n                            \"show_benefits\": true,\n                            \"benefits_icon_type\": \"TICK\"\n                        }\n                    },\n                    {\n                        \"locale_code\": \"nl\",\n                        \"media\": {\n                            \"icon_identifier\": \"nordvpn_logo_transparent.webp\",\n                            \"media_height_dp\": \"48\"\n                        },\n                        \"floating_button\": {\n                            \"primary_button_identifier\": \"try_for_zero\"\n                        },\n                        \"timer\": {\n                            \"template\": \"boxed_design\"\n                        },\n                        \"show_description\": false,\n                        \"subtitle\": {\n                            \"text\": \"Probeer NordVPN uit met onze gratis proefperiode.\",\n                            \"color_light\": \"#1b1b1b\",\n                            \"color_dark\": \"#ffffff\"\n                        },\n                        \"benefits\": {\n                            \"show_title\": true,\n                            \"show_benefits\": true,\n                            \"benefits_icon_type\": \"TICK\"\n                        }\n                    },\n                    {\n                        \"locale_code\": \"de\",\n                        \"media\": {\n                            \"icon_identifier\": \"nordvpn_logo_transparent.webp\",\n                            \"media_height_dp\": \"48\"\n                        },\n                        \"floating_button\": {\n                            \"primary_button_identifier\": \"try_for_zero\"\n                        },\n                        \"timer\": {\n                            \"template\": \"boxed_design\"\n                        },\n                        \"show_description\": false,\n                        \"subtitle\": {\n                            \"text\": \"Probiere NordVPN mit unseren kostenlosen Testversion aus!\",\n                            \"color_light\": \"#1b1b1b\",\n                            \"color_dark\": \"#ffffff\"\n                        },\n                        \"benefits\": {\n                            \"show_title\": true,\n                            \"show_benefits\": true,\n                            \"benefits_icon_type\": \"TICK\"\n                        }\n                    },\n                    {\n                        \"locale_code\": \"ko\",\n                        \"media\": {\n                            \"icon_identifier\": \"nordvpn_logo_transparent.webp\",\n                            \"media_height_dp\": \"48\"\n                        },\n                        \"floating_button\": {\n                            \"primary_button_identifier\": \"try_for_zero\"\n                        },\n                        \"timer\": {\n                            \"template\": \"boxed_design\"\n                        },\n                        \"show_description\": false,\n                        \"subtitle\": {\n                            \"text\": \"무료 체험판으로 NordVPN을 사용해 보세요!\",\n                            \"color_light\": \"#1b1b1b\",\n                            \"color_dark\": \"#ffffff\"\n                        },\n                        \"benefits\": {\n                            \"show_title\": true,\n                            \"show_benefits\": true,\n                            \"benefits_icon_type\": \"TICK\"\n                        }\n                    },\n                    {\n                        \"locale_code\": \"ja-rJP\",\n                        \"media\": {\n                            \"icon_identifier\": \"nordvpn_logo_transparent.webp\",\n                            \"media_height_dp\": \"48\"\n                        },\n                        \"floating_button\": {\n                            \"primary_button_identifier\": \"try_for_zero\"\n                        },\n                        \"timer\": {\n                            \"template\": \"boxed_design\"\n                        },\n                        \"show_description\": false,\n                        \"subtitle\": {\n                            \"text\": \"無料トライアルでNordVPNをお試しください。\",\n                            \"color_light\": \"#1b1b1b\",\n                            \"color_dark\": \"#ffffff\"\n                        },\n                        \"benefits\": {\n                            \"show_title\": true,\n                            \"show_benefits\": true,\n                            \"benefits_icon_type\": \"TICK\"\n                        }\n                    }\n                ]\n            }","nordwhisper_enabled":"true","is_restricted_country":"false","deeplink_promo_config":"[]","tv_subscription_flow_redesign":"true","how_free_trial_works_ui_config":"{}","connection_timeout_seconds":"20","amazon_subscriptions_configuration":" {\"subscription\":{\"offersAfterTimer\":[{\"productId\":\"nordvpn_android_amazon_year_1_5999\"},{\"productId\":\"nordvpn_android_amazon_month_1_1199\"}]},\"planSelectionScreenDecor\":{\"planDecorAfterTimer\":[{\"productId\":\"nordvpn_android_amazon_year_1_5999\",\"uiCustomizations\":{\"badgeType\":\"discount\",\"badgeColor\":\"red\"}},{\"productId\":\"nordvpn_android_amazon_month_1_1199\"}],\"headlineTextIdentifier\":\"unlock_advanced_online_protection\"}} ","firebase_reached":"false","survey":" {\"enabled\":true,\"in_app_alive_days\":28, \"show_after\":{\"hours\":60,\n            \"connecting_successes\":2}}","components_redesign_2025":"true","preferred_connection_technologies":"[{\"technology_id\":\"35\"},{\"technology_id\":\"3\"}]","subscribe_without_authentication":"false","renew_token_retry_config":"{\"attempts\": 0, \"delay_ms\": 0}","onboarding_v3_01_2026":"false","smart_reconnect":"{\"enabled\":false,\"protocols\":null}","google_in_app_reviews_enabled":"false","pricing_screen_ui_config":" {\n                \"headlineTextIdentifier\": \"select_protection_plan\",\n                \"ctaTextIdentifier\": \"try_for_zero\",\n                \"hideRadioButtonsOnPlans\": true,\n                \"screenConfig\": [\n                    {\n                        \"locale_code\": \"default_locale\",\n                        \"benefits\": {\n                            \"show_title\": true,\n                            \"show_benefits\": true,\n                            \"benefits_icon_type\": \"TICK\"\n                        }\n                    }\n                ]\n            } ","product_hub_config":" {\n            \"other_apps_section\": {\n            \"dedicated_ip\": {\n            \"enabled\": true\n            },\n            \"saily\": {\n            \"enabled\": true\n            },\n            \"nordpass\": {\n            \"enabled\": true\n            },\n            \"nordlocker\": {\n            \"enabled\": true\n            },\n            \"nordprotect\": {\n            \"enabled\": true\n            },\n            \"incogni\": {\n            \"enabled\": true\n            }\n            }\n            }","billing_library_v6":"false","amazon_billing_v2":"false","communication_timeout_seconds":"{\"read_timeout\":20, \"write_timeout\":20, \"connection_timeout\":20}","libtelio_enabled":"true","vpn_connection_rating_after_connected_for":"60","wireguard_enabled":"true","retry_strategy":"SAME_PROTOCOL","threat_protection_redesign_2025":"true","rating_prompt_intervals":"[259200,259200,604800,1209600]","rating_prompt_after_connected_for":"2700","nonet_config":"{}","split_tunneling_suggestions_config":"{}","meshnet_min_supported_version":"[{\"min_os_version\":24,\"min_supported_version\":\"5.15.2\"}]","post_quantum_encryption":"false","dynamic_form":"[]","pause_trigger_count":"{\"first_trigger_pause_count\":3, \"second_trigger_pause_count\":6}","subscriptions_for_sale":" {\n                \"googlePlay\": [\n                    {\n                        \"identifier\": \"nordvpn_android_year_1_4999_20251128_v1\",\n                        \"uiCustomizations\": {\n                            \"descriptionType\": \"monthly_and_yearly_price\",\n                            \"showFreeTrialMessage\": true,\n                            \"howFreeTrialWorksCtaIdentifier\": \"try_for_zero\",\n                            \"discountCalculationType\": \"based_on_intro\",\n                            \"dynamic_elements\": [\n                                {\n                                    \"locale_code\": \"default_locale\",\n                                    \"media\": {\n                                        \"disabled\": true\n                                    },\n                                    \"plan_highlight\": {\n                                        \"selected_color\": {\n                                            \"color_light\": \"#4D3E5FFF\",\n                                            \"color_dark\": \"#4D3E5FFF\"\n                                        },\n                                        \"selected_free_trial_color\": {\n                                            \"color_light\": \"#4D3E5FFF\",\n                                            \"color_dark\": \"#4D3E5FFF\"\n                                        }\n                                    }\n                                },\n                                {\n                                    \"locale_code\": \"zh-rTW\",\n                                    \"media\": {\n                                        \"disabled\": true\n                                    },\n                                    \"badge\": {\n                                        \"enabled\": true,\n                                        \"badgeText\": \"迎賓優惠\"\n                                    },\n                                    \"plan_highlight\": {\n                                        \"selected_color\": {\n                                            \"color_light\": \"#4D3E5FFF\",\n                                            \"color_dark\": \"#4D3E5FFF\"\n                                        },\n                                        \"selected_free_trial_color\": {\n                                            \"color_light\": \"#4D3E5FFF\",\n                                            \"color_dark\": \"#4D3E5FFF\"\n                                        }\n                                    }\n                                },\n                                {\n                                    \"locale_code\": \"it\",\n                                    \"media\": {\n                                        \"disabled\": true\n                                    },\n                                    \"badge\": {\n                                        \"enabled\": true,\n                                        \"badgeText\": \"Offerta di lancio\"\n                                    },\n                                    \"plan_highlight\": {\n                                        \"selected_color\": {\n                                            \"color_light\": \"#4D3E5FFF\",\n                                            \"color_dark\": \"#4D3E5FFF\"\n                                        },\n                                        \"selected_free_trial_color\": {\n                                            \"color_light\": \"#4D3E5FFF\",\n                                            \"color_dark\": \"#4D3E5FFF\"\n                                        }\n                                    }\n                                },\n                                {\n                                    \"locale_code\": \"zh-rCN\",\n                                    \"media\": {\n                                        \"disabled\": true\n                                    },\n                                    \"badge\": {\n                                        \"enabled\": true,\n                                        \"badgeText\": \"迎新特惠\"\n                                    },\n                                    \"plan_highlight\": {\n                                        \"selected_color\": {\n                                            \"color_light\": \"#4D3E5FFF\",\n                                            \"color_dark\": \"#4D3E5FFF\"\n                                        },\n                                        \"selected_free_trial_color\": {\n                                            \"color_light\": \"#4D3E5FFF\",\n                                            \"color_dark\": \"#4D3E5FFF\"\n                                        }\n                                    }\n                                },\n                                {\n                                    \"locale_code\": \"pt-rBR\",\n                                    \"media\": {\n                                        \"disabled\": true\n                                    },\n                                    \"badge\": {\n                                        \"enabled\": true,\n                                        \"badgeText\": \"Oferta de boas-vindas\"\n                                    },\n                                    \"plan_highlight\": {\n                                        \"selected_color\": {\n                                            \"color_light\": \"#4D3E5FFF\",\n                                            \"color_dark\": \"#4D3E5FFF\"\n                                        },\n                                        \"selected_free_trial_color\": {\n                                            \"color_light\": \"#4D3E5FFF\",\n                                            \"color_dark\": \"#4D3E5FFF\"\n                                        }\n                                    }\n                                },\n                                {\n                                    \"locale_code\": \"en\",\n                                    \"media\": {\n                                        \"disabled\": true\n                                    },\n                                    \"badge\": {\n                                        \"enabled\": true,\n                                        \"badgeText\": \"Welcome offer\"\n                                    },\n                                    \"plan_highlight\": {\n                                        \"selected_color\": {\n                                            \"color_light\": \"#4D3E5FFF\",\n                                            \"color_dark\": \"#4D3E5FFF\"\n                                        },\n                                        \"selected_free_trial_color\": {\n                                            \"color_light\": \"#4D3E5FFF\",\n                                            \"color_dark\": \"#4D3E5FFF\"\n                                        }\n                                    }\n                                },\n                                {\n                                    \"locale_code\": \"pl\",\n                                    \"media\": {\n                                        \"disabled\": true\n                                    },\n                                    \"badge\": {\n                                        \"enabled\": true,\n                                        \"badgeText\": \"Oferta powitalna\"\n                                    },\n                                    \"plan_highlight\": {\n                                        \"selected_color\": {\n                                            \"color_light\": \"#4D3E5FFF\",\n                                            \"color_dark\": \"#4D3E5FFF\"\n                                        },\n                                        \"selected_free_trial_color\": {\n                                            \"color_light\": \"#4D3E5FFF\",\n                                            \"color_dark\": \"#4D3E5FFF\"\n                                        }\n                                    }\n                                },\n                                {\n                                    \"locale_code\": \"sv\",\n                                    \"media\": {\n                                        \"disabled\": true\n                                    },\n                                    \"badge\": {\n                                        \"enabled\": true,\n                                        \"badgeText\": \"Välkomsterbjudande\"\n                                    },\n                                    \"plan_highlight\": {\n                                        \"selected_color\": {\n                                            \"color_light\": \"#4D3E5FFF\",\n                                            \"color_dark\": \"#4D3E5FFF\"\n                                        },\n                                        \"selected_free_trial_color\": {\n                                            \"color_light\": \"#4D3E5FFF\",\n                                            \"color_dark\": \"#4D3E5FFF\"\n                                        }\n                                    }\n                                },\n                                {\n                                    \"locale_code\": \"pt-rPT\",\n                                    \"media\": {\n                                        \"disabled\": true\n                                    },\n                                    \"badge\": {\n                                        \"enabled\": true,\n                                        \"badgeText\": \"Oferta de boas-vindas\"\n                                    },\n                                    \"plan_highlight\": {\n                                        \"selected_color\": {\n                                            \"color_light\": \"#4D3E5FFF\",\n                                            \"color_dark\": \"#4D3E5FFF\"\n                                        },\n                                        \"selected_free_trial_color\": {\n                                            \"color_light\": \"#4D3E5FFF\",\n                                            \"color_dark\": \"#4D3E5FFF\"\n                                        }\n                                    }\n                                },\n                                {\n                                    \"locale_code\": \"fr\",\n                                    \"media\": {\n                                        \"disabled\": true\n                                    },\n                                    \"badge\": {\n                                        \"enabled\": true,\n                                        \"badgeText\": \"Offre de bienvenue\"\n                                    },\n                                    \"plan_highlight\": {\n                                        \"selected_color\": {\n                                            \"color_light\": \"#4D3E5FFF\",\n                                            \"color_dark\": \"#4D3E5FFF\"\n                                        },\n                                        \"selected_free_trial_color\": {\n                                            \"color_light\": \"#4D3E5FFF\",\n                                            \"color_dark\": \"#4D3E5FFF\"\n                                        }\n                                    }\n                                },\n                                {\n                                    \"locale_code\": \"es\",\n                                    \"media\": {\n                                        \"disabled\": true\n                                    },\n                                    \"badge\": {\n                                        \"enabled\": true,\n                                        \"badgeText\": \"¡Una oferta de bienvenida!\"\n                                    },\n                                    \"plan_highlight\": {\n                                        \"selected_color\": {\n                                            \"color_light\": \"#4D3E5FFF\",\n                                            \"color_dark\": \"#4D3E5FFF\"\n                                        },\n                                        \"selected_free_trial_color\": {\n                                            \"color_light\": \"#4D3E5FFF\",\n                                            \"color_dark\": \"#4D3E5FFF\"\n                                        }\n                                    }\n                                },\n                                {\n                                    \"locale_code\": \"nl\",\n                                    \"media\": {\n                                        \"disabled\": true\n                                    },\n                                    \"badge\": {\n                                        \"enabled\": true,\n                                        \"badgeText\": \"Welkomstaanbieding\"\n                                    },\n                                    \"plan_highlight\": {\n                                        \"selected_color\": {\n                                            \"color_light\": \"#4D3E5FFF\",\n                                            \"color_dark\": \"#4D3E5FFF\"\n                                        },\n                                        \"selected_free_trial_color\": {\n                                            \"color_light\": \"#4D3E5FFF\",\n                                            \"color_dark\": \"#4D3E5FFF\"\n                                        }\n                                    }\n                                },\n                                {\n                                    \"locale_code\": \"de\",\n                                    \"media\": {\n                                        \"disabled\": true\n                                    },\n                                    \"badge\": {\n                                        \"enabled\": true,\n                                        \"badgeText\": \"Willkommensangebot\"\n                                    },\n                                    \"plan_highlight\": {\n                                        \"selected_color\": {\n                                            \"color_light\": \"#4D3E5FFF\",\n                                            \"color_dark\": \"#4D3E5FFF\"\n                                        },\n                                        \"selected_free_trial_color\": {\n                                            \"color_light\": \"#4D3E5FFF\",\n                                            \"color_dark\": \"#4D3E5FFF\"\n                                        }\n                                    }\n                                },\n                                {\n                                    \"locale_code\": \"ko\",\n                                    \"media\": {\n                                        \"disabled\": true\n                                    },\n                                    \"badge\": {\n                                        \"enabled\": true,\n                                        \"badgeText\": \"첫 구매 특가\"\n                                    },\n                                    \"plan_highlight\": {\n                                        \"selected_color\": {\n                                            \"color_light\": \"#4D3E5FFF\",\n                                            \"color_dark\": \"#4D3E5FFF\"\n                                        },\n                                        \"selected_free_trial_color\": {\n                                            \"color_light\": \"#4D3E5FFF\",\n                                            \"color_dark\": \"#4D3E5FFF\"\n                                        }\n                                    }\n                                },\n                                {\n                                    \"locale_code\": \"ja-rJP\",\n                                    \"media\": {\n                                        \"disabled\": true\n                                    },\n                                    \"badge\": {\n                                        \"enabled\": true,\n                                        \"badgeText\": \"ウェルカムオファー\"\n                                    },\n                                    \"plan_highlight\": {\n                                        \"selected_color\": {\n                                            \"color_light\": \"#4D3E5FFF\",\n                                            \"color_dark\": \"#4D3E5FFF\"\n                                        },\n                                        \"selected_free_trial_color\": {\n                                            \"color_light\": \"#4D3E5FFF\",\n                                            \"color_dark\": \"#4D3E5FFF\"\n                                        }\n                                    }\n                                }\n                            ]\n                        }\n                    },\n                    {\n                        \"identifier\": \"nordvpn_android_month_1_1199_251128_1\",\n                        \"uiCustomizations\": {\n                            \"dynamic_elements\": [\n                                {\n                                    \"locale_code\": \"default_locale\",\n                                    \"media\": {\n                                        \"disabled\": true\n                                    },\n                                    \"plan_highlight\": {\n                                        \"selected_color\": {\n                                            \"color_light\": \"#4D3E5FFF\",\n                                            \"color_dark\": \"#4D3E5FFF\"\n                                        },\n                                        \"selected_free_trial_color\": {\n                                            \"color_light\": \"#4D3E5FFF\",\n                                            \"color_dark\": \"#4D3E5FFF\"\n                                        }\n                                    }\n                                },\n                                {\n                                    \"locale_code\": \"zh-rTW\",\n                                    \"media\": {\n                                        \"disabled\": true\n                                    },\n                                    \"plan_highlight\": {\n                                        \"selected_color\": {\n                                            \"color_light\": \"#4D3E5FFF\",\n                                            \"color_dark\": \"#4D3E5FFF\"\n                                        },\n                                        \"selected_free_trial_color\": {\n                                            \"color_light\": \"#4D3E5FFF\",\n                                            \"color_dark\": \"#4D3E5FFF\"\n                                        }\n                                    }\n                                },\n                                {\n                                    \"locale_code\": \"it\",\n                                    \"media\": {\n                                        \"disabled\": true\n                                    },\n                                    \"plan_highlight\": {\n                                        \"selected_color\": {\n                                            \"color_light\": \"#4D3E5FFF\",\n                                            \"color_dark\": \"#4D3E5FFF\"\n                                        },\n                                        \"selected_free_trial_color\": {\n                                            \"color_light\": \"#4D3E5FFF\",\n                                            \"color_dark\": \"#4D3E5FFF\"\n                                        }\n                                    }\n                                },\n                                {\n                                    \"locale_code\": \"zh-rCN\",\n                                    \"media\": {\n                                        \"disabled\": true\n                                    },\n                                    \"plan_highlight\": {\n                                        \"selected_color\": {\n                                            \"color_light\": \"#4D3E5FFF\",\n                                            \"color_dark\": \"#4D3E5FFF\"\n                                        },\n                                        \"selected_free_trial_color\": {\n                                            \"color_light\": \"#4D3E5FFF\",\n                                            \"color_dark\": \"#4D3E5FFF\"\n                                        }\n                                    }\n                                },\n                                {\n                                    \"locale_code\": \"pt-rBR\",\n                                    \"media\": {\n                                        \"disabled\": true\n                                    },\n                                    \"plan_highlight\": {\n                                        \"selected_color\": {\n                                            \"color_light\": \"#4D3E5FFF\",\n                                            \"color_dark\": \"#4D3E5FFF\"\n                                        },\n                                        \"selected_free_trial_color\": {\n                                            \"color_light\": \"#4D3E5FFF\",\n                                            \"color_dark\": \"#4D3E5FFF\"\n                                        }\n                                    }\n                                },\n                                {\n                                    \"locale_code\": \"en\",\n                                    \"media\": {\n                                        \"disabled\": true\n                                    },\n                                    \"plan_highlight\": {\n                                        \"selected_color\": {\n                                            \"color_light\": \"#4D3E5FFF\",\n                                            \"color_dark\": \"#4D3E5FFF\"\n                                        },\n                                        \"selected_free_trial_color\": {\n                                            \"color_light\": \"#4D3E5FFF\",\n                                            \"color_dark\": \"#4D3E5FFF\"\n                                        }\n                                    }\n                                },\n                                {\n                                    \"locale_code\": \"pl\",\n                                    \"media\": {\n                                        \"disabled\": true\n                                    },\n                                    \"plan_highlight\": {\n                                        \"selected_color\": {\n                                            \"color_light\": \"#4D3E5FFF\",\n                                            \"color_dark\": \"#4D3E5FFF\"\n                                        },\n                                        \"selected_free_trial_color\": {\n                                            \"color_light\": \"#4D3E5FFF\",\n                                            \"color_dark\": \"#4D3E5FFF\"\n                                        }\n                                    }\n                                },\n                                {\n                                    \"locale_code\": \"sv\",\n                                    \"media\": {\n                                        \"disabled\": true\n                                    },\n                                    \"plan_highlight\": {\n                                        \"selected_color\": {\n                                            \"color_light\": \"#4D3E5FFF\",\n                                            \"color_dark\": \"#4D3E5FFF\"\n                                        },\n                                        \"selected_free_trial_color\": {\n                                            \"color_light\": \"#4D3E5FFF\",\n                                            \"color_dark\": \"#4D3E5FFF\"\n                                        }\n                                    }\n                                },\n                                {\n                                    \"locale_code\": \"pt-rPT\",\n                                    \"media\": {\n                                        \"disabled\": true\n                                    },\n                                    \"plan_highlight\": {\n                                        \"selected_color\": {\n                                            \"color_light\": \"#4D3E5FFF\",\n                                            \"color_dark\": \"#4D3E5FFF\"\n                                        },\n                                        \"selected_free_trial_color\": {\n                                            \"color_light\": \"#4D3E5FFF\",\n                                            \"color_dark\": \"#4D3E5FFF\"\n                                        }\n                                    }\n                                },\n                                {\n                                    \"locale_code\": \"fr\",\n                                    \"media\": {\n                                        \"disabled\": true\n                                    },\n                                    \"plan_highlight\": {\n                                        \"selected_color\": {\n                                            \"color_light\": \"#4D3E5FFF\",\n                                            \"color_dark\": \"#4D3E5FFF\"\n                                        },\n                                        \"selected_free_trial_color\": {\n                                            \"color_light\": \"#4D3E5FFF\",\n                                            \"color_dark\": \"#4D3E5FFF\"\n                                        }\n                                    }\n                                },\n                                {\n                                    \"locale_code\": \"es\",\n                                    \"media\": {\n                                        \"disabled\": true\n                                    },\n                                    \"plan_highlight\": {\n                                        \"selected_color\": {\n                                            \"color_light\": \"#4D3E5FFF\",\n                                            \"color_dark\": \"#4D3E5FFF\"\n                                        },\n                                        \"selected_free_trial_color\": {\n                                            \"color_light\": \"#4D3E5FFF\",\n                                            \"color_dark\": \"#4D3E5FFF\"\n                                        }\n                                    }\n                                },\n                                {\n                                    \"locale_code\": \"nl\",\n                                    \"media\": {\n                                        \"disabled\": true\n                                    },\n                                    \"plan_highlight\": {\n                                        \"selected_color\": {\n                                            \"color_light\": \"#4D3E5FFF\",\n                                            \"color_dark\": \"#4D3E5FFF\"\n                                        },\n                                        \"selected_free_trial_color\": {\n                                            \"color_light\": \"#4D3E5FFF\",\n                                            \"color_dark\": \"#4D3E5FFF\"\n                                        }\n                                    }\n                                },\n                                {\n                                    \"locale_code\": \"de\",\n                                    \"media\": {\n                                        \"disabled\": true\n                                    },\n                                    \"plan_highlight\": {\n                                        \"selected_color\": {\n                                            \"color_light\": \"#4D3E5FFF\",\n                                            \"color_dark\": \"#4D3E5FFF\"\n                                        },\n                                        \"selected_free_trial_color\": {\n                                            \"color_light\": \"#4D3E5FFF\",\n                                            \"color_dark\": \"#4D3E5FFF\"\n                                        }\n                                    }\n                                },\n                                {\n                                    \"locale_code\": \"ko\",\n                                    \"media\": {\n                                        \"disabled\": true\n                                    },\n                                    \"plan_highlight\": {\n                                        \"selected_color\": {\n                                            \"color_light\": \"#4D3E5FFF\",\n                                            \"color_dark\": \"#4D3E5FFF\"\n                                        },\n                                        \"selected_free_trial_color\": {\n                                            \"color_light\": \"#4D3E5FFF\",\n                                            \"color_dark\": \"#4D3E5FFF\"\n                                        }\n                                    }\n                                },\n                                {\n                                    \"locale_code\": \"ja-rJP\",\n                                    \"media\": {\n                                        \"disabled\": true\n                                    },\n                                    \"plan_highlight\": {\n                                        \"selected_color\": {\n                                            \"color_light\": \"#4D3E5FFF\",\n                                            \"color_dark\": \"#4D3E5FFF\"\n                                        },\n                                        \"selected_free_trial_color\": {\n                                            \"color_light\": \"#4D3E5FFF\",\n                                            \"color_dark\": \"#4D3E5FFF\"\n                                        }\n                                    }\n                                }\n                            ]\n                        }\n                    }\n                ]\n            } ","redirect_to_payments_after_authentication":"true","braze_sdk_enabled":"false","country_list_sort_options":"{\"default_sort_type\":\"alphabetical\"}","versions_requiring_manual_update":"[]","toast_duration_seconds":"8","scam_call_protection":"false","threat_protection_promotion":"false"},"fetch_time_key":0,"abt_experiments_key":[],"personalization_metadata_key":{},"template_version_number_key":0,"rollout_metadata_key":[]}