<?xml version='1.0' encoding='utf-8' standalone='yes' ?>
<map>
    <string name="v2LastAppVersion">6.12.11</string>
    <string name="OsVersion">Android 13</string>
    <boolean name="SuccessfulClose" value="true" />
    <long name="v2AppPauseTimestampMillis" value="1770332998546" />
    <long name="InstallDate" value="1770332885" />
    <string name="LastVersion">6.12.11</string>
    <string name="LifecycleData">{&quot;runmode&quot;:&quot;Application&quot;,&quot;monthlyenguserevent&quot;:&quot;MonthlyEngUserEvent&quot;,&quot;installdate&quot;:&quot;2\/6\/2026&quot;,&quot;locale&quot;:&quot;en-US&quot;,&quot;resolution&quot;:&quot;1080x2225&quot;,&quot;systemlocale&quot;:&quot;en-US&quot;,&quot;appid&quot;:&quot;Peacock 6.12.11 (124061211)&quot;,&quot;dayofweek&quot;:&quot;6&quot;,&quot;launchevent&quot;:&quot;LaunchEvent&quot;,&quot;installevent&quot;:&quot;InstallEvent&quot;,&quot;devicename&quot;:&quot;V2031&quot;,&quot;osversion&quot;:&quot;Android 13&quot;,&quot;hourofday&quot;:&quot;4&quot;,&quot;dailyenguserevent&quot;:&quot;DailyEngUserEvent&quot;,&quot;launches&quot;:&quot;1&quot;}</string>
    <string name="AppId">Peacock 6.12.11 (124061211)</string>
    <long name="SessionStart" value="1770332932" />
    <long name="v2AppStartTimestampMillis" value="1770332992822" />
    <int name="Launches" value="1" />
    <long name="v2AppCloseTimestampMillis" value="1770333018850" />
    <long name="LastDateUsed" value="1770332885" />
    <long name="PauseDate" value="1770332998" />
</map>
