<?xml version='1.0' encoding='utf-8' standalone='yes' ?>
<map>
    <string name="bnc_push_identifier">bnc_no_value</string>
    <boolean name="bnc_ad_network_callouts_disabled" value="false" />
    <string name="bnc_google_play_install_referrer_extras">bnc_no_value</string>
    <string name="bnc_initial_referrer">android-app://com.android.launcher3</string>
    <boolean name="bnc_is_full_app_conversion" value="false" />
    <string name="bnc_consumer_protection_attribution_level">FULL</string>
    <string name="bnc_link_click_id">bnc_no_value</string>
    <string name="bnc_external_intent_extra">bnc_no_value</string>
    <long name="bnc_install_begin_ts" value="1767357245" />
    <string name="bnc_randomized_device_token">1548095271441923547</string>
    <long name="bnc_last_known_update_time" value="1770332853989" />
    <string name="bnc_user_url">https://peacocktv.app.link?%24randomized_bundle_token=1548095272310515182</string>
    <string name="bnc_session_params">bnc_no_value</string>
    <long name="bnc_original_install_time" value="1770332853989" />
    <string name="bnc_branch_key">key_live_dqfzSZsUhUGdLo2ZntCRTlchFri69Kxd</string>
    <string name="bnc_session_id">1548095463902156985</string>
    <string name="bnc_app_store_source">PlayStore</string>
    <string name="bnc_link_click_identifier">bnc_no_value</string>
    <string name="bnc_anon_id">ae8433fc-253d-4832-abb0-43040f5527cc</string>
    <long name="bnc_install_begin_server_ts" value="1767357246" />
    <string name="bnc_app_link">bnc_no_value</string>
    <string name="bnc_randomly_generated_uuid">482da690-bbea-409b-8194-a9f086ee13bc</string>
    <string name="bnc_referringUrlQueryParameters">bnc_no_value</string>
    <string name="bnc_branch_key_source">init_function</string>
    <string name="bnc_app_version">6.12.11</string>
    <string name="bnc_google_search_install_identifier">bnc_no_value</string>
    <string name="bnc_randomized_bundle_token">1548095272310515182</string>
    <long name="bnc_previous_update_time" value="1770332853989" />
    <string name="bnc_install_referrer">bnc_no_value</string>
</map>
