<?xml version='1.0' encoding='utf-8' standalone='yes' ?>
<map>
    <boolean name="mp::known_user" value="true" />
    <long name="mp::lastusedate" value="1770332995171" />
    <string name="mp::session::previous_id">516D7BF1-1662-4CBA-AE9E-E3F6DFA29FDE</string>
    <int name="mp::totalruns" value="1" />
    <long name="mp::first_seen" value="1770332964682" />
    <string name="mp::user_ids::">[{&quot;n&quot;:1,&quot;i&quot;:&quot;FlDwLM3A3eVNA\/TRzpdIriEvw2EecjrwdV3\/e3LW\/v0=&quot;,&quot;dfs&quot;:1770332964668,&quot;f&quot;:true},{&quot;n&quot;:7,&quot;i&quot;:&quot;aonosumika0181@gmail.com&quot;,&quot;dfs&quot;:1770332964669,&quot;f&quot;:true},{&quot;n&quot;:14,&quot;i&quot;:&quot;aonosumika0181@gmail.com&quot;,&quot;dfs&quot;:1770332964670,&quot;f&quot;:true}]</string>
    <long name="mp::last_seen" value="1770332995940" />
    <long name="mp::session::previous_start" value="1770332995052" />
    <int name="mp::launch_since_upgrade" value="1" />
    <long name="mp::time_in_fg" value="4532" />
    <int name="mp::breadcrumbs::sessioncount" value="1" />
</map>
