<?xml version='1.0' encoding='utf-8' standalone='yes' ?>
<map>
    <boolean name="mp::known_user" value="false" />
    <long name="mp::lastusedate" value="1770332897082" />
    <string name="mp::session::previous_id">43E56A41-7576-45DF-A096-B15808E4CFF4</string>
    <int name="mp::totalruns" value="1" />
    <string name="mp::cookies">{}</string>
    <long name="mp::first_seen" value="1770332888517" />
    <long name="mp::last_seen" value="1770332964682" />
    <long name="mp::session::previous_start" value="1770332896961" />
    <int name="mp::launch_since_upgrade" value="1" />
    <long name="mp::time_in_fg" value="26315" />
    <int name="mp::breadcrumbs::sessioncount" value="1" />
</map>
