<?xml version='1.0' encoding='utf-8' standalone='yes' ?>
<map>
    <int name="mp::connection:timeout:identity" value="30" />
    <boolean name="mp::reportUncaughtExceptions" value="false" />
    <int name="mp::uploadInterval" value="600" />
    <int name="mp::sessionTimeout" value="60" />
    <long name="mp::mpid::identity" value="-6502570867488459525" />
    <string name="mp::identity::api::context">null</string>
    <boolean name="is_mig_kit_sp" value="true" />
    <int name="mp::environment" value="2" />
    <string name="mp::device-app-stamp">fa341986-0496-414a-ace4-a2114d70776b</string>
    <string name="mp::config::apisecret">wvLZm4BJUUPii0NKxIleh1WBl2HmE6blSdeIgBFUDN_HboQMzoIYd6Mh86xKv5ne</string>
    <long name="json_timestamp" value="1770332886227" />
    <string name="mp::user_config_collection">[-6502570867488459525,4065142866345697370]</string>
    <string name="mp::config::apikey">us1-4d408f77e49e504ba5e541c2c38f5c60</string>
</map>
