<?xml version='1.0' encoding='utf-8' standalone='yes' ?>
<map>
    <string name="last-used-date">2026-01-23</string>
    <long name="fire-count" value="3" />
    <long name="fire-global" value="1768952974070" />
    <set name="kotlin/2.0.21 device-name/2036iC device-model/2036 device-brand/vivo fire-core/20.3.1 android-min-sdk/23 fire-fcm/23.2.0 fire-android/33 fire-installations/17.1.3 android-installer/com.google.android.packageinstaller android-platform/ android-target-sdk/35 fire-transport/18.1.7">
        <string>2026-01-22</string>
        <string>2026-01-21</string>
        <string>2026-01-23</string>
    </set>
</map>
