<?xml version='1.0' encoding='utf-8' standalone='yes' ?>
<map>
    <boolean name="activityCrash_HasANRToReport" value="false" />
    <string name="PN_registration_id">e-OX2vrgSSai5GPkVuEqZB:APA91bE6a2a4Y74MkbKjFfH7CQcgPk_sV2EqRgtaEQ_JIurjDG2U7C1CvnerahPp1avDOa78gtwYKdmySRuuxUxLjJlGH8pwxKwL4n5etgWnIqc435kPQhk</string>
    <boolean name="PN_registered_successfully_with_MPRS" value="true" />
    <string name="PN_OS_notification_state">INACTIVE</string>
    <int name="PN_sequence_number_int" value="2" />
    <boolean name="isHfrSupported_Cache" value="true" />
    <boolean name="isHdrSupported_Cache" value="false" />
    <boolean name="isUhdSupported_Cache" value="false" />
    <boolean name="isReferrerValueSet" value="true" />
    <boolean name="EventSync_shouldForceProcess" value="false" />
    <string name="PN_OS_version">13</string>
    <string name="PN_application_install_id">EU:amazonaiv:14de8cfb-2504-46de-8250-668552cde987</string>
    <string name="activityCrash_LastANRStackTrace"></string>
    <string name="playbackSupportInfo_Cache">SUPPORTED_HARDWARE</string>
    <string name="deviceVideoCodecOverride_Cache">H264</string>
    <boolean name="isDolyDigitalPlusSupported_Cache" value="false" />
    <boolean name="hasWANSupportBeenDetected" value="true" />
    <boolean name="isHevcSupported_Cache" value="false" />
    <string name="activityCrash_LastANREventSubtype"></string>
    <boolean name="isPlaybackSupportCached" value="true" />
    <string name="deviceBitrateAdaptationsOverride_Cache">CBR;CVBR</string>
    <string name="playStoreInstallReferrer">utm_source=google-play&amp;utm_medium=organic</string>
    <string name="PN_app_version">3.0.435.4747</string>
    <boolean name="isHdSupported_Cache" value="true" />
</map>
