<?xml version='1.0' encoding='utf-8' standalone='yes' ?>
<map>
    <long name="first_open_time" value="1770321636859" />
    <string name="gmp_app_id">1:663189057607:android:93681ec19c2c34cce60162</string>
    <string name="app_instance_id">51441c24f60c897333a4f2b20a740b4a</string>
    <long name="session_id" value="1770321638" />
    <boolean name="app_backgrounded" value="true" />
    <long name="health_monitor:start" value="1770321637456" />
    <boolean name="use_service" value="true" />
    <boolean name="deferred_analytics_collection" value="false" />
    <string name="previous_os_version">13</string>
    <boolean name="has_been_opened" value="true" />
    <boolean name="allow_remote_dynamite" value="true" />
    <long name="last_pause_time" value="1770322207385" />
    <boolean name="start_new_session" value="false" />
</map>
