<?xml version='1.0' encoding='utf-8' standalone='yes' ?>
<map>
    <boolean name="com.indigitall.push.prefs.alwaysLaunchOnInit" value="false" />
    <boolean name="com.indigitall.push.prefs.disabledPushService" value="false" />
    <string name="com.indigitall.prefsliveActivityDeviceId">17ff0c5d-aa5e-4525-9929-c7b7c8a24c2a</string>
    <boolean name="com.indigitall.push.prefs.networkEventsEnabled" value="false" />
    <string name="com.indigitall.push.prefs.externalApps">[{&quot;id&quot;:189,&quot;name&quot;:&quot;APP MOVISTAR+&quot;,&quot;androidCode&quot;:&quot;APP MOVISTAR+&quot;,&quot;iosCode&quot;:&quot;appmovistar:\/\/movistarplus.es\/&quot;},{&quot;id&quot;:166,&quot;name&quot;:&quot;Movistar Junior&quot;,&quot;androidCode&quot;:&quot;es.movistarplus.junior&quot;,&quot;iosCode&quot;:&quot;movistar-junior\/id1441620633 &quot;}]</string>
    <string name="com.indigitall.prefs.appKey">2fafef26-1f72-413e-a1e8-90a2c78ad74c</string>
    <string name="com.indigitall.prefs.apiURL">https://device-api.indigitall.com/v1</string>
    <string name="com.indigitall.prefs.productName">android</string>
    <int name=".timeoutRequests" value="0" />
    <string name="com.indigitall.prefs.maintenanceStart">01:00</string>
    <boolean name="com.indigitall.push.prefs.deviceEnabled" value="false" />
    <int name="com.indigitall.prefs.serviceSyncTime" value="1" />
    <boolean name=".avoidCypher" value="false" />
    <string name="com.indigitall.prefs.maintenanceEnd">5:00</string>
    <string name="com.indigitall.push.prefs.deviceJson">{&quot;deviceId&quot;:&quot;17ff0c5d-aa5e-4525-9929-c7b7c8a24c2a&quot;,&quot;enabled&quot;:false,&quot;platform&quot;:&quot;android&quot;}</string>
    <boolean name="com.indigitall.prefs.harmonyEnabled" value="false" />
    <boolean name=".inAppEnabled" value="false" />
    <string name="com.indigitall.prefs.InboxAPpiURL">https://inbox-api.indigitall.com/v1</string>
    <string name="com.indigitall.push.prefs.pushToken">fEFUb9bVRBioeSHYexJbs1:APA91bFmJASoewjmon7TW77kpqNllsDTUauBcEH1o2oIOLokOv84V5rtSaOzvsa42eysnn5lJBtskA5X_IFhGzp0X_Mp3AHJS3-156tU6EQTUfMtjl0sFWM</string>
    <string name="com.indigitall.prefsinAppDeviceId">17ff0c5d-aa5e-4525-9929-c7b7c8a24c2a</string>
    <boolean name="com.indigitall.push.prefs.deviceEnabledAction" value="true" />
    <string name="com.indigitall.push.prefs.senderId">663189057607</string>
    <boolean name="com.indigitall.prefs.locationEnabled" value="true" />
    <string name="com.indigitall.prefs.deviceId">17ff0c5d-aa5e-4525-9929-c7b7c8a24c2a</string>
    <int name="com.indigitall.prefs.apiEnabled" value="1" />
    <boolean name="com.indigitall.prefs.backgroundRequestsDisabled" value="false" />
    <string name="com.indigitall.prefs.productVersion">5.20.2</string>
    <int name="com.indigitall.prefs.logLevel" value="1" />
    <boolean name="com.indigitall.prefs.privateSecuredData" value="false" />
    <int name="com.indigitall.prefs.locationAccuracy" value="50" />
    <boolean name="com.indigitall.push.prefs.wifiFilterEnabled" value="false" />
    <int name="com.indigitall.push.prefs.networkUpdateMinutes" value="10" />
    <int name="com.indigitall.prefs.locationUpdateMinutes" value="2880" />
    <int name="com.indigitall.prefs.locationDistance" value="100" />
    <string name="com.indigitall.prefs.configurationRemoteBackgroundDisabled">NO_ASSIGN</string>
    <long name="com.indigitall.prefs.serviceTimeStamp" value="1770325260302" />
</map>
