<?xml version='1.0' encoding='utf-8' standalone='yes' ?>
<map>
    <string name="feature_usage_package_name">es.plus.yomvi</string>
    <long name="feature_usage_timestamp_detected_feature_33" value="1770322203351" />
    <long name="feature_usage_timestamp_detected_feature_3" value="1770322159145" />
    <long name="feature_usage_timestamp_detected_feature_12" value="1770322159194" />
    <long name="feature_usage_last_report_time" value="1770321640205" />
    <long name="feature_usage_timestamp_detected_feature_15" value="1770322159148" />
    <string name="feature_usage_sdk_version">21.2.0</string>
    <long name="feature_usage_timestamp_reported_feature_5" value="1770322144270" />
</map>
