<?xml version='1.0' encoding='utf-8' standalone='yes' ?>
<map>
    <string name="ventanaCorta">172800</string>
    <boolean name="profilesScreen" value="true" />
    <int name="increase_decoder_failed" value="1" />
    <string name="PASS_PHRASE_KEY">{&quot;abis&quot;:[&quot;armeabi-v7a&quot;,&quot;armeabi&quot;,&quot;arm64-v8a&quot;],&quot;board&quot;:&quot;bengal&quot;,&quot;brand&quot;:&quot;vivo&quot;,&quot;device&quot;:&quot;2036&quot;,&quot;manufacturer&quot;:&quot;vivo&quot;,&quot;model&quot;:&quot;V2031&quot;,&quot;product&quot;:&quot;2036iC&quot;,&quot;tags&quot;:&quot;release-keys&quot;,&quot;type&quot;:&quot;user&quot;,&quot;user&quot;:&quot;compiler&quot;}</string>
    <boolean name="isTablet" value="false" />
    <boolean name="decoder_failed" value="false" />
    <boolean name="AuraShown" value="false" />
    <string name="ventanaLarga">2592000</string>
    <boolean name="UserLogged" value="true" />
    <int name="VERSION_CODE_KEY" value="543" />
    <string name="stateAutologin">A</string>
    <long name="LAST_BACKGROUND_KEY" value="1770322209267" />
    <long name="LAST_CHANNEL_LOGO_KEY" value="1770321643843" />
</map>
