<?xml version='1.0' encoding='utf-8' standalone='yes' ?>
<map>
    <set name="kotlin/2.1.21 device-name/2036iC device-brand/vivo fire-transport/18.2.0 device-model/2036 android-min-sdk/24 fire-android/33 fire-core/21.0.0 fire-fcm/24.1.2 fire-core-ktx/21.0.0 android-installer/com.google.android.packageinstaller fire-installations/17.2.0 fire-analytics/22.5.0 android-platform/ android-target-sdk/35 fire-cls/18.3.1">
        <string>2026-02-05</string>
    </set>
    <long name="fire-count" value="1" />
    <string name="last-used-date">2026-02-05</string>
    <long name="fire-global" value="1770321636938" />
</map>
