{"Fid":"dtden9wZQZ6QjmmMQep4gj","Status":3,"AuthToken":"eyJhbGciOiJFUzI1NiIsInR5cCI6IkpXVCJ9.eyJhcHBJZCI6IjE6NDk0NTk3NDQ1MDE0OmFuZHJvaWQ6Nzc5ZDc5Zjc1MTgzYmY2NSIsImV4cCI6MTc3MDQ5MzU1NywiZmlkIjoiZHRkZW45d1pRWjZRam1tTVFlcDRnaiIsInByb2plY3ROdW1iZXIiOjQ5NDU5NzQ0NTAxNH0.AB2LPV8wRAIgOiwbyQw_w94S4mnbf4DBG6W3CMRNCQ2ZAqfvnDgAiiQCIHQfmoxJq0m4zanrpIbu4MaPAbkts2nfiiKIoaYOxtS2","RefreshToken":"3_AS3qfwJg1ONSEftau2_sTV5GDBAku_ji8rJG0OCCPHSH5je_LVoBwepvPvpVMyolBr_7MzV3IOiGltT1CyciHErDgCrdY26ioXcChzln3mObFRw","TokenCreationEpochInSecs":1769888757,"ExpiresInSecs":604800}