{"Fid":"e0yEdS_QR1yQry9DGA29Wo","Status":3,"AuthToken":"eyJhbGciOiJFUzI1NiIsInR5cCI6IkpXVCJ9.eyJhcHBJZCI6IjE6NTE3MDYyODU2ODk6YW5kcm9pZDplNjNhNjNjZDYwMWQzN2RkMGQ4ZWE4IiwiZXhwIjoxNzcwOTM3Njg5LCJmaWQiOiJlMHlFZFNfUVIxeVFyeTlER0EyOVdvIiwicHJvamVjdE51bWJlciI6NTE3MDYyODU2ODl9.AB2LPV8wRAIgYMyHmqolLadb67Lk1jRp4MNqUCQGYCtpZaXy4H4513UCIEHEuzJYqn_0ed3fVJHeWbAJFQcnhDUSp5NaheONhVzW","RefreshToken":"3_AS3qfwIL42_oYzmMSMtKtKcHNJEoAAm7jk1LAAsx_IhdsfoojNMCHj3iOEL0QDsPSFTkaHggU1xk5QIbP1bD9s-01w8h8PkCIgFwO7vKZIMFPOA","TokenCreationEpochInSecs":1770332888,"ExpiresInSecs":604800}