<?xml version='1.0' encoding='utf-8' standalone='yes' ?>
<map>
    <string name="city">AI0AEgvCjI8LIlVqhBVTQWnEKuxjXaPO/BdCAy3DvD7N0gqasA==&#10;    </string>
    <string name="countryCode">AI0AEgvCjI8LIlVqhSJ4eOyWu4Yh5nhnSAvfF3zs&#10;    </string>
    <string name="latitude">AI0AEgvCjI8LIlVq/VsZFyORe6hQ4ZmoJf8n+kbrSkDiCy0=&#10;    </string>
    <string name="stateCode">AI0AEgvCjI8LIlVqmD/n/9cts/4/AGksbB7m++ZD&#10;    </string>
    <string name="updatedTimestamp">AI0AEgvCjI8LIlVq/VsAFC2WfrswmZByexe7x2P/E7qxSOXlirjsLEY=&#10;    </string>
    <string name="simCountryCode">AI0AEgvCjI8LIlVqhSJ4eOyWu4Yh5nhnSAvfF3zs&#10;    </string>
    <string name="longitude">AI0AEgvCjI8LIlVq+1QZEC6de1fxzE313oGib/4lCO2q4js=&#10;    </string>
</map>
