<?xml version='1.0' encoding='utf-8' standalone='yes' ?>
<map>
    <boolean name="measurement_enabled_from_api" value="false" />
    <long name="first_open_time" value="1770636670355" />
    <string name="gmp_app_id">1:384383282656:android:507d91af2e0d9145</string>
    <boolean name="app_backgrounded" value="true" />
    <long name="health_monitor:start" value="1770636671520" />
    <boolean name="use_service" value="true" />
    <string name="non_personalized_ads">true</string>
    <boolean name="deferred_analytics_collection" value="true" />
    <int name="consent_source" value="-20" />
    <boolean name="measurement_enabled" value="false" />
    <string name="consent_settings">G100</string>
    <boolean name="has_been_opened" value="true" />
    <boolean name="allow_remote_dynamite" value="true" />
    <boolean name="start_new_session" value="true" />
    <string name="dma_consent_settings">-20:0</string>
</map>
