{"Fid":"dmQHfH5qSpa26u7hocPx3Q","Status":3,"AuthToken":"eyJhbGciOiJFUzI1NiIsInR5cCI6IkpXVCJ9.eyJhcHBJZCI6IjE6NjYzMTg5MDU3NjA3OmFuZHJvaWQ6OTM2ODFlYzE5YzJjMzRjY2U2MDE2MiIsImV4cCI6MTc3MDkwMTM5NCwiZmlkIjoiZG1RSGZINXFTcGEyNnU3aG9jUHgzUSIsInByb2plY3ROdW1iZXIiOjY2MzE4OTA1NzYwN30.AB2LPV8wRQIga7GuHyAv-qlTw11gwNFkQ7qgyKCjK32P9K-slvzrUO0CIQDpOyOXgj4Cox7ozmFwv47F65N2u98eh3ecHqJf-YWncg","RefreshToken":"3_AS3qfwLUAVwgcF8IK34E6vEGidhjEu6Xllg9NW02z-M_8xNQqmvqOiNPVHLZsKT9GXMx24NSR3kgfCRbEEG0B7s8-ujosujngPAVKdA6uCjiHeY","TokenCreationEpochInSecs":1770296593,"ExpiresInSecs":604800}