<?xml version='1.0' encoding='utf-8' standalone='yes' ?>
<map>
    <long name="dedicated_ip_expiration_epoch" value="1774410865000" />
    <string name="user_status">ACTIVE</string>
    <string name="nordlynx_private_key">xUhVC5Oq0Hp9L/+V+tDvr+7uzZqI3h6RAF3Rb3YZRx2p6jBqWkiXf4LKBfm2ubOzO8MyAE3Qqlkc&#10;JWWcMUzS/VcsCBVC+dUx&#10;    </string>
    <long name="threat_protection_expiration_epoch" value="1800831207000" />
    <string name="meshnet_status">ACTIVE</string>
    <string name="vpn_password">xUhVC5Oq0Hp9L/+VptH46ay6+K2L8jqgZxfPd34OMi6z4kB6DFZo6nyvAsWLjFZV6o+0Kg==&#10;    </string>
    <string name="vpn_username">xUhVC5Oq0Hp9L/+Vvau674SJ4p/U/xrHRHXneyFORDGdyyUrOqpFr9vJFgfoFZeW1TmYHQ==&#10;    </string>
    <long name="vpn_expiration_epoch" value="1801783263000" />
    <string name="threat_protection_status">ACTIVE</string>
    <string name="user_uuid">d249cb82-fbfa-4be7-a689-bbc2fca8d7c2</string>
    <long name="user_id" value="413711995" />
    <long name="registration_epoch" value="1720134857000" />
    <string name="dedicated_ip_status">ACTIVE</string>
    <long name="call_protection_expiration_epoch" value="1801783263000" />
    <long name="meshnet_expiration_epoch" value="2524608000000" />
    <string name="call_protection_status">ACTIVE</string>
    <string name="email">liamwill6690@gmail.com</string>
    <set name="dedicated_ip_server_ids">
        <string>1005134</string>
    </set>
    <string name="username">liamwill6690@gmail.com</string>
</map>
