{"Fid":"cGVIfs8wS5WLxYdKgQOfA3","Status":3,"AuthToken":"eyJhbGciOiJFUzI1NiIsInR5cCI6IkpXVCJ9.eyJhcHBJZCI6IjE6NzMzMzI4NjgwNjMzOmFuZHJvaWQ6ODBjOWQyNDk1ZDlmNWVlMyIsImV4cCI6MTc3MTAwMzQyNCwiZmlkIjoiY0dWSWZzOHdTNVdMeFlkS2dRT2ZBMyIsInByb2plY3ROdW1iZXIiOjczMzMyODY4MDYzM30.AB2LPV8wRgIhAM79YK7xrkmzh_GZGjlCtkRa9BIsnjZxmbqouC0QbOIJAiEAtZPUfXcmWpjXGyb0nhSaAUfDTAklpioYVFaGTv20xfo","RefreshToken":"3_AS3qfwLzLwVMi23lKJuS6Z12mw4Tgkhn-zhTuBj5Qh8KBisUmKqLJ7-FjRI-fkk1ZqElTMMd-85sKixLCjrBTkFYqONA_TmjMqKlyc6zchS9hMA","TokenCreationEpochInSecs":1770398622,"ExpiresInSecs":604800}