{"Fid":"c6Tj_S0kRge3vk9vpt5EDW","Status":3,"AuthToken":"eyJhbGciOiJFUzI1NiIsInR5cCI6IkpXVCJ9.eyJhcHBJZCI6IjE6MzU0ODAwNjQ1MzI5OmFuZHJvaWQ6NGM2NjY0NGY4NDc1MTUwYiIsImV4cCI6MTc2OTgwODgxOCwiZmlkIjoiYzZUal9TMGtSZ2Uzdms5dnB0NUVEVyIsInByb2plY3ROdW1iZXIiOjM1NDgwMDY0NTMyOX0.AB2LPV8wRQIgOh6IeERsMn-kZcY3l94XIWfwa8-vZuWcChBgbEcQ-PYCIQCDe8B5M99XQw0l6fiJWUuorcb5OxtkVgyDUWksSt3DYg","RefreshToken":"3_AS3qfwL7J1nOzWSGoyY7sYkq1K5uRig07eLMNNHdvPx8WkdkZCjh9_aM0pDhGSkW6vJyzgx6iohvbjMB2BXNUq3hKQzAe4Y0oAw_EwJYTP0tEvI","TokenCreationEpochInSecs":1769204018,"ExpiresInSecs":604800}