{"Fid":"c4uKi0c2R82DpGXoJ4ZuXT","Status":3,"AuthToken":"eyJhbGciOiJFUzI1NiIsInR5cCI6IkpXVCJ9.eyJhcHBJZCI6IjE6NTE3MDYyODU2ODk6YW5kcm9pZDplNjNhNjNjZDYwMWQzN2RkMGQ4ZWE4IiwiZXhwIjoxNzcwNTA2ODgwLCJmaWQiOiJjNHVLaTBjMlI4MkRwR1hvSjRadVhUIiwicHJvamVjdE51bWJlciI6NTE3MDYyODU2ODl9.AB2LPV8wRQIgUDaNbSxE7VrHQowwSsu9Dex7BTMF7bSFxeWQJwSOSHQCIQCPvrThujycyERtXrgqVx1mBIM1KfKMit5MjGMd5vfDXQ","RefreshToken":"3_AS3qfwLK_saHmcyzWs6rgxLunmJhrfRr1L_rnNBZO2sNu2sKmecl6Sw8UYCGOaTeHShbYFl-hrI4D-ICAVHPmNUnvxTrZHPve6qqqL1vJMAi9nI","TokenCreationEpochInSecs":1769902079,"ExpiresInSecs":604800}