{"Fid":"fTHIeD6jTraBEW01-A4grO","Status":3,"AuthToken":"eyJhbGciOiJFUzI1NiIsInR5cCI6IkpXVCJ9.eyJhcHBJZCI6IjE6NzMzMzI4NjgwNjMzOmFuZHJvaWQ6ODBjOWQyNDk1ZDlmNWVlMyIsImV4cCI6MTc3MTEwODY2MCwiZmlkIjoiZlRISWVENmpUcmFCRVcwMS1BNGdyTyIsInByb2plY3ROdW1iZXIiOjczMzMyODY4MDYzM30.AB2LPV8wRAIgRuo3Qr3GaayPBvE7ZXDfu_w2Iqswmz50fY9OxVyahlECIC58bhFoJ3lc3Pkzp7BXZ6nH45B65AEhdHZcmuKjJ3R_","RefreshToken":"3_AS3qfwLLjr2fpyoQEhF5tox_VWCKy1jH9EYXfJzx6cBKWH3lliTyRM8YcYTjHRRrVhABIMZeG-9DRNkEyobP3PjS_lQN5xZPzrEHuABu7SQIfjU","TokenCreationEpochInSecs":1770503858,"ExpiresInSecs":604800}