{"configurationVersion":{"eTag":"\"1ed8fced48e82554b22822048a57daf9\"","fullVersion":"6.12.10+8","version":8},"config":{"minimumVersion":"124060720","forceLoadParameters":{"maximumClientUptimeBeforeForcingLoadMinutes":2880},"nflConsent":{"seasonStartDate":"07/31","autoDismissConsentThresholdMillis":"30000","displayConsentThresholdMillis":"30000"},"personalizedSearchIdKey":"algolia","channel":{"errorBackground":{"tablet":"https://imageservice.disco.peacocktv.com/pcms/ad5c0ca8-a1d1-11ef-bd64-8f39de7b50d6/AGG_SOURCE?proposition=NBCUOTT&language=eng&versionId=3f826767-c9c5-5ddf-b09d-bc92ff878cc8&territory=US","mobile":"https://imageservice.disco.peacocktv.com/pcms/ad681c14-a1d1-11ef-aa6d-3f4e06b2fce8/AGG_SOURCE?proposition=NBCUOTT&language=eng&versionId=92ad414b-0f73-5b76-af18-b780e43e02c0&territory=US"},"assetsPerChannelCapLimit":0,"maxNumberRecentChannels":3,"minWatchTimeRecentChannels":60,"timeToLiveRecentChannels":60,"hideCurrentProgrammeChannels":1500},"scoreCardPredictionGame":{"refreshTokenThresholdMs":300000},"hmacClientName":"NBCU-ANDROID-v3","freeTierRoadblock":{"frequencyIntervalInAppStarts":3,"frequencyIntervalInDays":3},"pdpSocialSharing":{"debug":{"id":"e5jsarc0m"},"release":{"id":"g77mddx8h"}},"contentAvailabilityLimitFreeOffer":7,"channelGuideHoursOffset":-6,"strongBoxBlackList":[{"minVersionCode":34,"model":"Pixel 4a","maxVersionCode":-1},{"minVersionCode":34,"model":"Pixel 5","maxVersionCode":-1},{"minVersionCode":34,"model":"motorola razr 2024","maxVersionCode":-1},{"minVersionCode":34,"model":"motorola razr plus 2024","maxVersionCode":-1}],"checkSLEEventStageBeforePlayingTimeoutMilisec":1000,"spsEndpointHost":"https://ovp.peacocktv.com","convivaPlayerName":"nbcu-android","browse":{"databaseCleanupIntervalMinutes":1440,"pullToRefreshCooldownSeconds":30,"tiles":{"gaming":{"small":12,"large":6,"medium":8}},"fastRefreshCooldown":300},"personasFallbacks":{"nonFallbackStatusCodes":[403],"kid":{"profileNameLabel":"profile.defaultName.kid","disableBingeAutoplay":true,"maturityRating":"5"},"adult":{"profileNameLabel":"profile.defaultName.adult","disableBingeAutoplay":false,"maturityRating":"9"},"autoplay":true},"widgets":{"staticPlansAndPayment":"/mobile-static-plans-and-payment","nextBestAction":{"paidSharingRoadblockSuffix":{"compact":"mobile-v1","medium":"tablet-v1"}}},"passiveOnHoldServiceSettings":{"query":"query LightweightPortfolio { user { portfolioLightweight { ... on ProductHoldingLightweight { state staticId _id partner } } } }"},"cvsdk":{"bufferingLimitMillis":60000},"colors":{"fallbackPersonas":{"adult":{"secondary":"#0000B4","dominant":"#467AFF","ambient":"#0000C2"},"kids":{"secondary":"#106C00","dominant":"#36F34C","ambient":"#085E00"}}},"products":{"templates":{"cardsAddonPickerWithDowngradeTemplateA":"/cards-addon-picker-mobile-w4","cardsPaywall":"/cards-upsell-paywall-mobile","privacyAgreementNotice":{"compact":"/privacy-agreement-notice-mobile","medium":"/privacy-agreement-notice-tablet"},"templatedImmersiveNonIapPartialAccount":{"compact":"","medium":""},"viewingPin":{"compact":"/viewing-pin-display-iap-mobile","medium":"/viewing-pin-display-iap-tablet"},"cardsAddOnReadOnlyPickerTemplateA":"/cards-addon-read-only-picker-mobile-w8","templatedImmersiveNonIapFallback":{"compact":"","medium":""},"cardsMyAccountRSN":"/cards-my-account-rsn-mobile","immersiveOffer":"/in-app-promo-immersive-entry-mobile","paywall":"/paywalls-mobile","templatedPortabilityImmersiveFallback":{"compact":"","medium":""},"cardsMyAccount":"/cards-my-account-mobile","templatedImmersiveFallbackWithLabelKey":{"compact":"/immersive-entry-templated-fallback-with-labelkey-mobile","medium":"/immersive-entry-templated-fallback-with-labelkey-mobile"},"templatedImmersiveNonIapPartialAccountFallback":{"compact":"","medium":""},"fixBillingPage":"/fix-billing-page","cardsAddOnPickerTemplateA":"/cards-addon-picker-mobile-w7","nonRecurringInterstitial":{"compact":"/legal-non-recurring-pass-interstitial-mobile","medium":"/legal-non-recurring-pass-interstitial-tablet"},"cardsPlanPickerTemplateA":"/cards-plan-picker-mobile-w5","templatedImmersiveForSamsung":{"compact":"/immersive-entry-templated-samsung-mobile","medium":"/immersive-entry-templated-samsung-mobile"},"cardsPlanUpsellPickerTemplateA":"/cards-plan-upsell-picker-mobile-w6-c","templatedImmersive":{"compact":"/immersive-entry-rail-templated-mobile","medium":"/immersive-entry-rail-templated-mobile"},"templatedImmersiveOffer":{"compact":"/in-app-promo-immersive-entry-templated-mobile","medium":"/in-app-promo-immersive-entry-templated-mobile"},"templatedPortabilityImmersive":{"compact":"","medium":""},"roadblockOffer":"/in-app-promo-roadblock-mobile","cardsPlanPicker":"/cards-plan-picker-mobile","concurrencyError":{"compact":"","medium":""},"templatedImmersiveForSamsungFallback":{"compact":"/immersive-entry-templated-samsung-mobile","medium":"/immersive-entry-templated-samsung-mobile"},"roadblock":"/roadblocks-mobile","cardsMyAccountNonIap":"/cards-my-account-noniap-mobile","templatedImmersiveFallback":{"compact":"/immersive-entry-templated-fallback-mobile","medium":"/immersive-entry-templated-fallback-mobile"},"templatedImmersiveNonIap":{"compact":"","medium":""}}},"numberedRailBackground":{"phase1":{"tablet":{"portrait":"https://imageservice.disco.peacocktv.com/pcms/803b4f7c-e124-11ee-86df-f776e1c6c591/AGG_SOURCE?proposition=NBCUOTT&language=eng&versionId=fddc5afe-6b66-5c47-8689-fc9aa775f977&territory=US","landscape":"https://imageservice.disco.peacocktv.com/pcms/803bb174-e124-11ee-aae5-5f900c3ff8ae/AGG_SOURCE?proposition=NBCUOTT&language=eng&versionId=056fcabb-ca36-53d5-82b0-1e31765edd1b&territory=US"},"mobile":"https://imageservice.disco.peacocktv.com/pcms/80237e2e-e124-11ee-9299-4fe1e495c265/AGG_SOURCE?proposition=NBCUOTT&language=eng&versionId=8b32a8ee-7894-53d6-8c7b-4868e33001ce&territory=US"},"phase2":{"tablet":{"portrait":"https://imageservice.disco.peacocktv.com/pcms/07640390-491c-11ef-b9f4-af0fb2ae4f7f/AGG_SOURCE?proposition=NBCUOTT&language=eng&versionId=92838fbc-4ab5-536a-b0ab-72515fe253fa&territory=US","landscape":"https://imageservice.disco.peacocktv.com/pcms/b3a2f7b8-482e-11ef-864f-6bcfc215fecf/AGG_SOURCE?proposition=NBCUOTT&language=eng&versionId=aa52cbcf-4b9b-519e-b42b-6a1ff7ac1d7d&territory=US"},"mobile":"https://imageservice.disco.peacocktv.com/pcms/891bb83e-4821-11ef-aea1-bb0427a50e04/AGG_SOURCE?proposition=NBCUOTT&language=eng&versionId=81dee1da-76b9-5a66-9d12-d39924d96e53&territory=US"}},"vamBaseUrl":"https://video-ads-module.ad-tech.nbcuni.com/v1","search":{"landingGroupNodeId":"649e2ac0-995e-11f0-9632-57113e8d228e","limit":40,"timeouts":[4000,5000],"entityTypes":["PROGRAMME","SERIES"],"url":"https://bff-ext.clients.peacocktv.com/bff/search/v2"},"shortformVideoTypes":{"preview":["ASSET/SHORTFORM/PROMOTION","ASSET/SHORTFORM/THEATRICAL"],"clip":["ASSET/SHORTFORM","ASSET/SHORTFORM/BLOOPER","ASSET/SHORTFORM/CLIP","ASSET/SHORTFORM/FEATURETTE","ASSET/SHORTFORM/NARRATIVE","ASSET/SHORTFORM/PRESENTATION","ASSET/SHORTFORM/PRESS","ASSET/SHORTFORM/TEASER"]},"languageMappings":{"codebaseToPersona":{"en-cc":"en-cc","eng-ad":"en-ad","spa":"es","es-ad":"es-ad","en-ad":"en-ad","spa-ad":"es-ad","eng-cc":"en-cc","en":"en","es-cc":"es-cc","spa-cc":"es-cc","es":"es","eng":"en"},"personaToCodebase":{"en-cc":["en-cc","eng-cc","en","eng"],"es-ad":["es-ad","spa-ad","es","spa"],"en-ad":["en-ad","eng-ad","en","eng"],"en":["en","eng"],"es-cc":["es-cc","spa-cc","es","spa"],"es":["es","spa"]}},"impressionsTracking":{"impressionsQueueFlushTimeoutMs":20000,"minimumVisibilityPercentageForImpression":0.5,"minimumVisibleTimeForImpression":1000,"webScaleCollectorSessionIdTimeoutMs":60000,"throttlingImpressionsLimitThreshold":20},"spinnerOverlayMsDelay":1500,"dnsOverHttpsConfig":{"bootstrapDnsHosts":["8.8.8.8","8.8.4.4"],"dnsOverHttpsUrl":"https://dns.google/dns-query"},"bingeMillisecondsToMovieSerie":20000,"identityClientId":{"TABLET":"nbcu_android_tablet","MOBILE":"nbcu_android_phone"},"signUpSupportedConsentOptions":["marketingConsent","terms"],"chromecastApplicationID":"35B909D4","contentExperienceHierarchy":["sky:courtside","sky:sle:multiview","sky:viewingmode","default","sky:livestories","sky:verticalview","sky:autoplay","sky:sle:explore","sky:interactive","sky:sle:chaptering","sky:scorecard:monterosa","sky:reframeable"],"imageOptimization":{"imageAllowedLossPercentage":5,"imageBuckets":[64,128,320,480,640,960,1280,1920,2560,2960,3840]},"enablePlayCTA":{"filter":{"ASSET/SLE":{"eventStage":["LIVE"]}},"types":["ASSET/EPISODE","ASSET/LINEAR","ASSET/LINEAR_SLOT","ASSET/SHORTFORM/CLIP","ASSET/SHORTFORM/THEATRICAL","ASSET/SLE","BFF_REFDATA/linear_channel","BFF_REFDATA/vod_playlist_channel","PLAYLIST","WATCH_LIVE"],"rails":["CONTINUE_WATCHING","IMMERSIVE_HIGHLIGHT"]},"endpointConfigs":{"endpoints":{"atomNodeProviderVariantId":{"entries":[{"endpoint":"https://atom.peacocktv.com/adapter-calypso/v3/query/node/provider_variant_id/{id}"}]},"accountPublicProfile":{"entries":[{"endpoint":"https://cybertron.id.peacocktv.com/public/profile"}]},"accountFirstPartyData":{"entries":[{"endpoint":"https://cybertron.id.peacocktv.com/profiles/firstpartydata"}]},"paidSharingVerifyOtp":{"entries":[{"endpoint":"https://sas.peacocktv.com/companion-service/v1/one-time-password/paid-sharing/verify"}]},"productsPaywall":{"entries":[{"endpoint":"https://bff-ext.clients.peacocktv.com/bff/products/v2/paywall"}]},"atomNodeId":{"entries":[{"endpoint":"https://atom.peacocktv.com/adapter-calypso/v3/query/node/{id}"}]},"acdcCountryCodes":{"entries":[{"endpoint":""}]},"accountSportsConsent":{"entries":[{"endpoint":"https://cybertron.id.peacocktv.com/userstore/me/optouts/{type}"}]},"sectionsPersonalised":{"entries":[{"endpoint":"https://bff-ext.clients.peacocktv.com/bff/sections/v1/personalised"}]},"audioSubtitle":{"entries":[{"endpoint":"https://atom.peacocktv.com/adapter-calypso/v3/query/audioSubtitle"}]},"bookmarkingPastBookmarks":{"entries":[{"endpoint":"https://ovp.peacocktv.com/bookmarking-services/past-bookmarks","override":{"timeOutMillis":[16000,20000]}}]},"productsMyAccount":{"entries":[{"endpoint":"https://bff-ext.clients.peacocktv.com/bff/products/v2/my-account"}]},"browseSchedule":{"entries":[{"endpoint":"https://bff-ext.clients.peacocktv.com/bff/browse/v1/schedule/{scheduleId}"}]},"productsGetTemplatedConcurrencyErrorInterstitial":{"entries":[{"endpoint":"https://bff-ext.clients.peacocktv.com/bff/products/v2/render-instructions/concurrency-error","override":{"timeOutMillis":[4000,5000]}}]},"productsChangeCancelPlan":{"entries":[{"endpoint":"https://bff-ext.clients.peacocktv.com/bff/products/v2/change-cancel-plan"}]},"productsPrivacyAgreement":{"entries":[{"endpoint":"https://bff-ext.clients.peacocktv.com/bff/products/v2/render-instructions?page=PRIVACYAGREEMENT"}]},"accountPasswordVerification":{"entries":[{"endpoint":"https://cybertron.id.peacocktv.com/sessions/verification/password"}]},"bookmarkingBookmarks":{"entries":[{"endpoint":"https://ovp.peacocktv.com/bookmarking-services/bookmarks/{providerVariantId}","override":{"timeOutMillis":[16000,20000]}}]},"pdpCompanion":{"entries":[{"endpoint":"https://bff-ext.clients.peacocktv.com/bff/pdp/v1/companion"}]},"authResetPasswordVerifyRecoveryCode":{"entries":[{"endpoint":"https://rango.id.peacocktv.com/resetpassword/mobile/identifier","useApiGuard":true}]},"watchNext":{"entries":[{"endpoint":"https://mytv.clients.peacocktv.com/mytv/watchnext/{providerSeriesId}"}]},"sasNextBestActionNotify":{"entries":[{"endpoint":"https://sas.peacocktv.com/commerce/purchase-recommendation-service/v1/nxba/notify"}]},"atomNodeProviderSeriesId":{"entries":[{"endpoint":"https://atom.peacocktv.com/adapter-calypso/v3/query/node/provider_series_id/{id}"}]},"bookmarkingSeasonBookmarks":{"entries":[{"endpoint":"https://ovp.peacocktv.com/bookmarking-services/series/{providerSeriesId}/seasons/{providerSeasonId}/bookmarks","override":{"timeOutMillis":[16000,20000]}}]},"ovpToken":{"entries":[{"endpoint":"https://play.ovp.peacocktv.com/auth/tokens"}]},"browseRails":{"entries":[{"endpoint":"https://bff-ext.clients.peacocktv.com/bff/browse/v1/rails/{railId}"}]},"productsProcessTransactions":{"entries":[{"endpoint":"https://sas.peacocktv.com/partners-purchases-gateway/api/processTransactions"}]},"googleSignIn":{"entries":[{"endpoint":"https://cybertron.id.peacocktv.com/sessions/partner/google"}]},"browsePages":{"entries":[{"endpoint":"https://bff-ext.clients.peacocktv.com/bff/browse/v1/pages/{pageId}"}]},"personas":{"entries":[{"endpoint":"https://bff-ext.clients.peacocktv.com/bff/personas/v2"}]},"userDetails":{"entries":[{"endpoint":"https://play.ovp.peacocktv.com/auth/users/me","override":{"timeOutMillis":[4000,5000]}}]},"sections":{"entries":[{"endpoint":"https://bff-ext.clients.peacocktv.com/bff/sections/v1"}]},"labels":{"entries":[{"endpoint":"https://atom.peacocktv.com/adapter-calypso/v3/labels"}]},"productsRoadblock":{"entries":[{"endpoint":"https://bff-ext.clients.peacocktv.com/bff/products/v2/roadblock"}]},"identityToken":{"entries":[{"endpoint":"https://oauth.id.peacocktv.com/oauth2/token"}]},"binge":{"entries":[{"endpoint":"https://bff-ext.clients.peacocktv.com/bff/binge/v1"}]},"ovpTokenThrottled":{"entries":[{"endpoint":"https://play.ovp.peacocktv.com/auth/throttled/tokens"}]},"browseTiles":{"entries":[{"endpoint":"https://bff-ext.clients.peacocktv.com/bff/browse/v1/tiles"}]},"identityAuthorize":{"entries":[{"endpoint":"https://oauth.id.peacocktv.com/oauth2/authorize"}]},"atomNodeContentId":{"entries":[{"endpoint":"https://atom.peacocktv.com/adapter-calypso/v3/query/node/content_id/{id}"}]},"productsImmersiveEntryTemplated":{"entries":[{"endpoint":"https://bff-ext.clients.peacocktv.com/bff/products/v2/render-instructions?page=IMMERSIVE"}]},"accountResendEmail":{"entries":[{"endpoint":"https://cybertron.id.peacocktv.com/management/profiles/email/resend"}]},"watchlist":{"entries":[{"endpoint":"https://mytv.clients.peacocktv.com/mytv/watchlist/{assetId}","override":{"timeOutMillis":[4000,5000]}}]},"authPartialAccountInitiate":{"entries":[{"endpoint":"https://rango.id.peacocktv.com/modifyprofile/partialaccount/initiate","useApiGuard":true}]},"widget":{"entries":[{"endpoint":"https://atom.peacocktv.com/adapter-calypso/v3/query/widget_content"}]},"authSignUp":{"entries":[{"endpoint":"https://rango.id.peacocktv.com/signup/service/international","useApiGuard":true}]},"sasGraphql":{"entries":[{"endpoint":"https://sas.peacocktv.com/graphql"}]},"productsViewingPinTemplated":{"entries":[{"endpoint":"https://bff-ext.clients.peacocktv.com/bff/products/v2/render-instructions?page=GENERATE_ACCOUNT_PIN"}]},"nxbaNextAction":{"entries":[{"endpoint":"https://bff-ext.clients.peacocktv.com/bff/commerce/v1/actions"}]},"authSignInVerifyOtp":{"entries":[{"endpoint":"https://rango.id.peacocktv.com/signin/otp/verify","useApiGuard":true}]},"sectionedTemplateRenderInstructions":{"entries":[{"endpoint":"https://bff-ext.clients.peacocktv.com/bff/products/v2/render-instructions?page=SECTIONED_TEMPLATE"}]},"bootstrap":{"entries":[{"endpoint":"https://bff-ext.clients.peacocktv.com/bff/bootstrap/v1"}]},"productsCards":{"entries":[{"endpoint":"https://bff-ext.clients.peacocktv.com/bff/products/v2/cards"}]},"authSignIn":{"entries":[{"endpoint":"https://rango.id.peacocktv.com/signin/service/international","useApiGuard":true}]},"asyncNotification":{"entries":[{"endpoint":"https://cybertron.id.peacocktv.com/oauth/authorization/exchange/asyncnotification"}]},"removeFromContinueWatching":{"entries":[{"endpoint":"https://ovp.peacocktv.com/cwp/continue-watching-items/{itemPath}"}]},"search":{"entries":[{"endpoint":"https://bff-ext.clients.peacocktv.com/bff/search/v2","override":{"timeOutMillis":[4000,5000]}}]},"productsRoadblockOffer":{"entries":[{"endpoint":"https://bff-ext.clients.peacocktv.com/bff/products/v2/roadblockOffer"}]},"authSignInResendPartialAccountOtp":{"entries":[{"endpoint":"https://rango.id.peacocktv.com/signin/partialaccount/otp/verify/resend","useApiGuard":true}]},"accountPublicProfileTokenServices":{"entries":[{"endpoint":"https://cybertron.id.peacocktv.com/public/profiles/token/services"}]},"paidSharingGenerateOtp":{"entries":[{"endpoint":"https://sas.peacocktv.com/companion-service/v1/one-time-password/paid-sharing"}]},"productsUpsell":{"entries":[{"endpoint":"https://bff-ext.clients.peacocktv.com/bff/products/v2/upsell"}]},"authSignInFlex":{"entries":[{"endpoint":"https://rango.id.peacocktv.com/signin/flex/service/international","useApiGuard":true}]},"webScaleCollector":{"entries":[{"endpoint":"https://ingest.webcol.sdp.peacocktv.com/device/v1","override":{"timeOutMillis":[16000,20000]}}]},"productsInterstitialNonRecurringTemplated":{"entries":[{"endpoint":"https://bff-ext.clients.peacocktv.com/bff/products/v2/render-instructions?page=INTERSTITIAL-NONRECURRING"}]},"authSignInGenerateOtp":{"entries":[{"endpoint":"https://rango.id.peacocktv.com/signin/otp","useApiGuard":true}]},"onboarding":{"entries":[{"endpoint":"https://bff-ext.clients.peacocktv.com/bff/onboarding/v1"}]},"channelGuide":{"entries":[{"endpoint":"https://bff-ext.clients.peacocktv.com/bff/channel_guide"}]},"authResetPasswordUpdatePassword":{"entries":[{"endpoint":"https://rango.id.peacocktv.com/resetpassword/byemail/reset/service/international","useApiGuard":true}]},"accountNflConsent":{"entries":[{"endpoint":"https://cybertron.id.peacocktv.com/userstore/me/optouts/nfl"}]},"localisation":{"entries":[{"endpoint":"https://play.ovp.peacocktv.com/ls/localisation","override":{"timeOutMillis":[16000,20000]}}]},"menu":{"entries":[{"endpoint":"https://atom.peacocktv.com/adapter-calypso/v3/query/menu"}]},"authSignOut":{"entries":[{"endpoint":"https://rango.id.peacocktv.com/signout","useApiGuard":true}]},"onboardingPersona":{"entries":[{"endpoint":"https://bff-ext.clients.peacocktv.com/bff/onboarding/v1/{personaId}"}]},"productsImmersiveOffer":{"entries":[{"endpoint":"https://bff-ext.clients.peacocktv.com/bff/products/v2/immersiveOffer"}]},"abFeatures":{"entries":[{"endpoint":"https://meg.disco.peacocktv.com/abservice/v2/features","override":{"timeOutMillis":[16000,20000]}}]},"authSignInVerifyPartialAccountOtp":{"entries":[{"endpoint":"https://rango.id.peacocktv.com/signin/partialaccount/otp/verify","useApiGuard":true}]},"authResetPasswordGetUpdatePassword":{"entries":[{"endpoint":"https://rango.id.peacocktv.com/resetpassword/byemail/{token}/service/international","useApiGuard":true}]},"productsSkus":{"entries":[{"endpoint":"https://bff-ext.clients.peacocktv.com/bff/products/v2/skus","override":{"timeOutMillis":[4000,5000]}}]},"atomNodeUuid":{"entries":[{"endpoint":"https://atom.peacocktv.com/adapter-calypso/v3/query/node/uuid/{id}"}]},"authResetPassword":{"entries":[{"endpoint":"https://rango.id.peacocktv.com/resetpassword/service/international","useApiGuard":true}]},"atomSingleLiveEvent":{"entries":[{"endpoint":"https://atom.peacocktv.com/adapter-calypso/v3/query/sle/{id}"}]}},"globalConfiguration":{"backoffMillis":[],"timeOutMillis":[8000,10000]}},"deleteAccountUrl":"https://privacyportal.onetrust.com/webform/17e5cb00-ad90-47f5-a58d-77597d9d2c16/649a1d79-b91a-4d50-84a4-83ed8be92694","atom":{"widget":{"inAppPromoImmersive":"/in-app-promo-immersive-entry-android","errorEnrichment":"/error-enrichment","appLogo":"/mobile-peacock-logo","privacyPolicy":"/mobile---privacy-and-cookies","serviceUnavailable":"/service-unavailable-page-mobile_v2","fixBillingIapRoadblock":"/fix-billing-iap-roadblock-mobile","upsell":{"fallbackBackgroundImage":"/mobile-upsell-paywall-background-fallback","paywallBackgroundImages":"/mobile-upsell-paywall-carousel-images"},"authJourney":"/android-auth-journey","paidSharingRoadblockBlocked":{"tablet":"/nxba-paidsharing-roadblock-blocked-tablet-v1","mobile":"/nxba-paidsharing-roadblock-blocked-mobile-v1"},"sampleTemplate":"/sample-template-mobile","noAccessRoadblock":"/noaccess-roadblock-mobile","noAccessRoadblockNonIapMobile":"/noaccess-roadblock-non-iap-mobile","termsOfUse":"/eng/mobile/terms_of_use","learnMore":"/interstitial-learn-more-mobile_v2","planPickerBackgroundImages":"/Plan-picker-ftd-mobile","inAppPromoRoadblock":"/in-app-promo-roadblock-mobile","ratingLogos":"/mobile-ratings-logos","fixBillingRoadblock":"/fix-billing-roadblock-mobile","serviceUnavailableAuthenticated":"/service-unavailable-page-mobile-signed-in_v2","freeTierRoadblock":"/free-tier-roadblock-whats-moving-mobile-v2","myStuffEmptyImage":"/empty-my-stuff-mobile","rsnBackgroundImages":"/rsn-background-images-mobile"},"submenuAlias":{"myAccountSettings":"url settings"}},"abServiceFeatures":{"ttlMs":604800000,"ttlExperimentHeadersMs":86400000},"auth":{"clientId":{"tablet":"nbcu_android_tablet","phone":"nbcu_android_phone"},"authorizeUrl":"https://rango.id.peacocktv.com/oauth/authorize/service/international?response_type=token&client_id={clientId}&redirect_uri=nbcu://auth&api_id=oauth","resetPasswordUrl":"https://www.peacocktv.com/reset"},"minExpirationDisplayTimeInMinutesFreeOffer":5,"showcaseCarouselAutoScrollTimerMs":5000,"slePdpEditorModeMSThreshold":5000,"purchaseListing":[],"showcaseRailParallaxSensitivity":10,"contentAvailabilityMaxLimit":30,"contentAvailabilityLimit":7,"showcaseRailTrailer":{"showcaseRailTrailerExpandDelayMillis":2000,"showcaseRailTrailerDelayMillis":2000},"verticalVideo":{"startingBitRateInBps":0,"playlistPagerBeyondViewportPageCount":1,"minimumBufferDurationToBeginPlaybackMs":0,"browsePlaybackTimeSeconds":3},"storeUrl":{"amazon":"amzn://apps/android?p=com.peacock.peacockfiretv","huawei":"","samsung":"","google":"https://play.google.com/store/apps/details?id=com.peacocktv.peacockandroid"},"liveControlsMinimumWindowSeconds":300,"chromecastTestApplicationIDs":[{"name":"prod-develop","id":"CF53CD63"},{"name":"prod-release-candidate","id":"57D489A0"},{"name":"prod hot fix","id":"07DAA81A"},{"name":"local dev (Quirino)","id":"B83144E7"},{"name":"local dev (Patric)","id":"B3F98D38"},{"name":"local dev (Henrique)","id":"6E589741"},{"name":"local dev (Bruno)","id":"C91ED57C"},{"name":"local dev (Andre)","id":"2DC0F29E"},{"name":"prod","id":"03D044B6"},{"name":"prod","id":"0990E765"},{"name":"prod","id":"39003C57"},{"name":"prod","id":"3CA741CB"},{"name":"prod","id":"405DDF21"},{"name":"prod","id":"4147AEBC"},{"name":"prod","id":"5684A579"},{"name":"prod","id":"5FACD776"},{"name":"prod","id":"7A71C0B9"},{"name":"prod","id":"8642AB96"},{"name":"prod","id":"AA565F91"},{"name":"prod","id":"C2EA9FC6"},{"name":"prod","id":"0B1C98FD"},{"name":"prod","id":"254B6B07"},{"name":"prod","id":"2EB7F052"},{"name":"prod","id":"431F66C6"},{"name":"prod","id":"442B2D23"},{"name":"prod","id":"4FC42C3C"},{"name":"prod","id":"60331A08"},{"name":"prod","id":"686D9183"},{"name":"prod","id":"6C04A9EF"},{"name":"prod","id":"89CC4F74"},{"name":"prod","id":"C172B96D"},{"name":"prod","id":"C9DE3D92"},{"name":"prod","id":"D6AA5E3F"},{"name":"prod","id":"E4640DA5"},{"name":"prod","id":"F260F0C8"},{"name":"prod","id":"F2E0DAD5"},{"name":"CVSDK","id":"4E5D600A"},{"name":"CVSDK","id":"D0A3BD18"},{"name":"CVSDK","id":"A3AEE27C"},{"name":"CVSDK","id":"93A6A86C"},{"name":"CVSDK","id":"D1FEDA76"},{"name":"CVSDK","id":"DB6C98BA"},{"name":"CVSDK","id":"DD1339BF"},{"name":"CVSDK","id":"E65E6975"},{"name":"CVSDK","id":"E970FCA4"},{"name":"CVSDK","id":"7A68D188"},{"name":"CVSDK","id":"D62C84DA"},{"name":"CVSDK","id":"65A8A00D"},{"name":"CVSDK","id":"6E841C99"},{"name":"CVSDK","id":"A4E58593"}],"freeTierRoadblockV2":{"resetAppStarts":3,"resetLastViewAge":3,"tierLevels":[{"maxViews":3,"days":3,"id":"tierOne","appStarts":3}]},"pdpAutoplayTimeoutMs":0,"minTimeWatchedVodChannelsBookmarkMillis":1000,"videoQualitySettings":[{"default":false,"download":"download.low.description.label","bitRateCeiling":224000,"name":"video.quality.low.label","description":"streaming.low.description.label","type":"low","player":"playback.streaming.low.label"},{"default":false,"download":"download.mid.description.label","bitRateCeiling":2776000,"name":"video.quality.mid.label","description":"streaming.mid.description.label","type":"mid","player":"playback.streaming.mid.label"},{"download":"download.high.description.label","default":false,"bitRateCeiling":5552000,"name":"video.quality.high.label","description":"streaming.high.description.label","type":"high","player":"playback.streaming.high.label"},{"download":"download.max.description.label","default":true,"bitRateCeiling":0,"name":"video.quality.max.label","description":"streaming.max.description.label","type":"max","player":"playback.streaming.max.label"}],"tileFallbackBackgroundImageUrl":{"portrait":"https://imageservice.disco.peacocktv.com/pcms/3a382ec2-ec24-11ee-9e70-1f2a52eef6a6/AGG_SOURCE?proposition=NBCUOTT&language=eng&versionId=fa5682c9-b72f-5df7-ad12-2673314ad235&territory=US","landscape":"https://imageservice.disco.peacocktv.com/pcms/0727eb5c-eaea-11ee-992d-e3f8da31daab/AGG_SOURCE?proposition=NBCUOTT&language=eng&versionId=27ec8193-a4f5-588d-8571-1aca1cd2cbd9&territory=US"},"rottenTomatoesFreshMinimumValue":60,"parentalAgeRatings":[],"profiles":{"firstPartyData":{"signUp":{"requiredFields":[{"elements":["firstName"]},{"elements":["lastName"]},{"elements":["birthYear","zipCode"]},{"elements":["gender"]}],"alphaKeyboardForPostal":false}},"partialAccountFinalization":{"alphaKeyboardForPostal":false,"fields":[{"elements":[{"name":"email"}]},{"elements":[{"name":"password"}]},{"elements":[{"name":"confirmPassword"}]},{"elements":[{"name":"divider"}]},{"elements":[{"name":"infoText"}]},{"elements":[{"name":"firstName"},{"name":"lastName"}]},{"elements":[{"name":"gender"}]},{"elements":[{"name":"birthYear"},{"name":"zipCode"}]}]},"firstPartyDataCapture":{"minAllowedAge":18,"maxAllowedAge":120},"profileCache":{"profileWithPinDurationMs":21600000,"profileWithoutPinDurationMs":86400000},"dataCapture":{"gender":[{"label":"profiles.your_gender.man","value":"Man"},{"label":"profiles.your_gender.woman","value":"Woman"},{"label":"profiles.your_gender.noneOfTheAbove","value":"NoneOfTheAbove"},{"label":"profiles.your_gender.preferNotToSay","value":"PreferNotToSay"}],"minAllowedAge":19,"maxAllowedAge":120}},"chromecast":{"throttleLoadingIntervalInSeconds":10},"forgottenProfilePinLink":"https://www.peacocktv.com/watch/profiles","top10AutoplayDelayMs":250,"sps":{"capabilities":[{"container":"ISOBMFF","vcodec":"H264","acodec":"AAC","protection":"NONE","transport":"DASH"},{"container":"ISOBMFF","vcodec":"H264","acodec":"AAC","protection":"WIDEVINE","transport":"DASH"}],"throttledEndpoint":"https://ovp.peacocktv.com","playHost":"https://play.ovp.peacocktv.com","entitlementsRefreshSegment":["FREE"]},"liveDetails":{"maxAttempts":5,"delay":3,"timeout":10},"samsungWebPurchaseUrl":"https://www.peacocktv.com/plans/all-monthly/galaxy-1","lowBandwidthMode":{"OFF":{"imageQuality":null},"ON":{"imageQuality":null}},"newRelicMaxEventBufferTimeInSec":60,"imageLoadingDetection":{"timeoutMs":5000},"configuration":{"scheduledEvents":[{"name":"Safe Mode Rehersal","start":1765357200,"end":1765515600},{"name":"Safe Mode NFL","start":1766743200,"end":1767045600}],"polling":{"configRefreshIntervalMinutes":60,"backgroundConfigRefreshIntervalMinutes":120}},"asyncNotifications":{"retries":{"numberOfRetries":3,"initialIntervalSeconds":30},"topics":{"persona":[],"account":[{"qos":1,"topic":"command/territory/<territory>/provider/<provider>/householdId/<householdId>"}]},"brokerEndpoint":"wss://connect.ctn.ovpe.prod.nbcuott.com:443/mqtt"},"migrationNotificationEndTime":1684108800,"localisationServiceFeatures":{"cache":{"fixedNetworkTerritoryTtlMs":1800000,"mobileNetworkBouquetTtlMs":600000,"fixedNetworkBouquetTtlMs":1200000,"fallbackTtlMs":600000,"mobileNetworkTerritoryTtlMs":1800000},"fallback":{"subBouquetId":"0","bouquetId":"1000","activeTerritory":"US","language":"en","territory":"US","broadcastRegions":""}},"minRatingPercentageValue":60,"homepageSegmentsV2":[{"userTenure":[{"atomContentSegment":"First_30_Days_Free","start":0,"end":30},{"atomContentSegment":"all_free_users","start":31}],"accountContentSegments":["FREE"]},{"userTenure":[{"start":0,"atomContentSegment":"First_30_Days_Paid","end":30},{"start":31,"atomContentSegment":"all_premium_users"}],"accountContentSegments":["D2C","FREE","LOCAL_AFFILIATES"]}],"hmacAlgoVersion":"1.0","inAppNotifications":{"defaultNotificationTimeout":5,"onboardingReentryNotificationTimeout":30,"emailVerificationNotificationErrorTimeout":5,"emailVerificationNotificationSuccessTimeout":5,"contentNotAvailableForKidsNotificationTimeout":5},"configVariant":"","minExpirationDisplayTimeInMinutes":5,"cookieManagement":{"cdnLocation":"cdn.cookielaw.org","appId":"00663e0f-13bc-477d-bf5d-8958141a9258","groups":{"contentSelection":"7","targetAdvertising":"4"}},"player":{"courtside":{"courtsideMainEventRelationship":"mainEvent","courtsideLivePipBitrateCeiling":956000,"courtsideLivelogo":"https://imageservice.disco.peacocktv.com/pcms/156c6c9a-8e29-11f0-b547-bb2fd8266031/AGG_SOURCE?proposition=NBCUOTT&language=eng&versionId=7d1ca605-76a9-58ca-951e-81f985b94c00&territory=US","courtsideMainCooldown":120},"skipIntroHideDelay":8500,"adDisclaimer":{"advert":{"labelKey":"player.thirdPartyAdvertisement.label"}},"binge":{"socMarkerFallback":7,"bingeCallMarker":10},"contentRatingBehaviour":"displayTextOnly","liveBingeRail":{"interactionTimeout":60,"maxRetries":3,"jitterMax":60,"retryAfter":30,"countdownTimeout":15,"jitterMin":0},"dynamicContentRatingHideDelay":5000,"supportPortraitPlayback":["Medium","Expanded"]},"publicProfileServiceKey":"nbcuott","medalEventIndicatorImage":"https://imageservice.disco.peacocktv.com/pcms/28401d48-eb6a-11ee-9ade-376efe2c71d0/AGG_SOURCE?proposition=NBCUOTT&language=eng&versionId=9fa2a1bf-1e11-5082-ab31-bb2a0ba59cc9&territory=US","bookmarkPulseSeconds":60,"sportsConsents":{"data":[{"seasonStartDate":"07/31","type":"NFLCONSENT"},{"seasonStartDate":"08/01","type":"NBACONSENT"},{"seasonStartDate":"08/01","type":"WNBACONSENT"}],"config":{"displayConsent":30000,"consentAutoDismiss":30000}},"pcms":{"providerSeriesId":{"path":"/query/node/provider_series_id","timeout":[4000,5000]},"node":{"path":"/query/node","timeout":[4000,5000]},"nodeBySlug":{"path":"/query/node?slug=","timeout":[4000,5000]},"root":"https://atom.peacocktv.com/adapter-calypso","sle":{"path":"/query/sle","timeout":[4000,5000]},"version":"/v3"},"adobeEdge":{"namespace":"_nbcuss"},"skyIdAuthCodeUrl":"https://rango.id.peacocktv.com/signin/service/international?continuationUrl=https%3A%2F%2Frango.id.peacocktv.com%2Foauth%2Fauthorize%2Fservice%2Finternational%3Fresponse_type%3Dtoken%26client_id%3D{clientId}%26redirect_uri%3Dnbcu%3A%2F%2Fauth%26api_id%3Doauth","bootstrapService":{"cacheTtlMs":300000},"contentAvailabilityMaxLimitFreeOffer":30,"bingeMillisecondsBetweenEpisodes":7000,"castSize":{"currentCastSize":3,"maxLines":3,"increasedCastSize":6},"coreVideo":{"adaptiveBitrateStrategy":"HEURISTICS","maxConcurrentDownloadLimit":1,"startingBitRateInBps":null,"vamProxyEnabled":true,"nielsen":{"allowedPlaybackTypes":["Linear","SingleLiveEvent"],"nrsUrl":""},"affiliateSubBrandName":"c05","prefetch":{"adsPrefetch":false},"dvrWindowMode":{"linear":"EXTENDED","sle":"INFINITE"},"network":{"retryAfter":{"maxRetryDelay":17,"maxRetryCount":5}},"remoteConfigHostname":null,"playbackThreshold":300,"timeoutToGetToken":0,"sessionRetryRateLimitInMilliseconds":300000,"adRulesConfig":false,"supportedColorSpaces":{"hdrDisabled":["SDR"],"hdrEnabled":["DolbyVision","HDR10","SDR"]},"experimentalFeatures":[],"livePreRoll":{"bufferingEventDelayMs":3000,"enabled":true},"preferredVodSubtitleType":"HYBRID","drmVideoQualityCap":{"height":null},"minimumBufferToBeginPlayback":{"preview":null,"download":null,"linear":null,"fullEventReplay":null,"verticalClip":null,"vod":null,"singleLiveEvent":2000,"clip":null},"minimumPreferredDownloadBitRateInBps":1800000,"mediaTailorProxyEndpoint":"mt.ssai.peacocktv.com","adaptiveBitrateStrategyFeatureFlags":["DYNAMIC_BOOKMARK"]},"location":{"locationRequestTimeout":150,"locationRequestInterval":600000,"savedLocationValidTime":1800000},"badging":{"dolbyVision":"https://imageservice.disco.peacocktv.com/pcms/81f7a5bc-b9a4-11ec-b786-13602a97f4e4/AGG_SOURCE?territory=US&proposition=NBCUOTT&language=eng","dolbyVisionAtmos":"https://imageservice.disco.peacocktv.com/pcms/2b32c270-b9a4-11ec-a2e9-e3b07c70824b/AGG_SOURCE?territory=US&proposition=NBCUOTT&language=eng","dolbyAtmos":"https://imageservice.disco.peacocktv.com/pcms/2b31a2d2-b9a4-11ec-a2b7-c335aa914031/AGG_SOURCE?territory=US&proposition=NBCUOTT&language=eng","hdr":"https://imageservice.disco.peacocktv.com/pcms/6f5e2a0e-cad7-11ec-826d-63fb6d106e95/AGG_SOURCE?territory=US&proposition=NBCUOTT&language=eng","logo4k":"https://imageservice.disco.peacocktv.com/pcms/7e85a02a-5c36-11ed-8eb7-9bac98ad1aed/AGG_SOURCE?territory=US&proposition=NBCUOTT&language=eng"},"account":{"verificationEmail":{"contextUrl":"https://www.peacocktv.com/verify/email","serviceName":"nbcuott-us"}}},"features":{"downloadPlaybackEntitlementCheck":false,"profileSelectionRail":false,"playerGestures":{"dragToScrub":false,"doubleTapRewindFastForward":true,"toggleSubtitles":false},"showLabelKeys":false,"clearRecentSearches":true,"top10RailTrailer":false,"konamiRefreshExperiences":true,"mparticleAlternateIdentityType":false,"channel":{"enableLinearPVRControls":true,"localRecentChannels":true,"stopSessionUponEmbargo":true,"enableLinearPVR":true,"channelsInKidsProfiles":true},"mparticle":true,"branch":{"tracker":true,"deepLinks":true},"signInWithMobileNumber":false,"merchandiseOnConcurrencyError":false,"dataDownloadSetting":false,"iapEnabled":true,"kochavaSmartlinks":false,"courtside":{"courtsideSponsorship":false,"courtside":false},"dev":{"etagValidation":false,"configurationScheduledEvents":true,"nonRecurringInterstitial":false,"planPickerTemplateA":true,"applicationStartInfo":false,"sendAppNamespaceHeader":false,"impressionTrackingWithViewportTracker":true,"forceDeviceDiscovery":true,"showcaseCarouselInfiniteScroll":false,"bottomNavigationAtom":false,"foldableSupport":false,"ctaViewingProgress":false,"enableScheduleFocusLiveEvent":true,"compose":{"seasonPicker":false,"profiles":false,"pdp":false},"autoplayProtectedByPass":true,"reactiveEntitlementsRefresh":true,"tile":{"ctaSetRenderHintReport":true},"preferredLanguages":false,"coreVideo":{"remoteConfig":true,"skipOvpTokenValidation":false},"updateContentLogoBadges":true,"mobileNumberForgotPassword":false,"player":{"landscapeUiRefresh":false,"brightnessSoundSlider":false,"mediaSessionPlayPause":true,"nba":true,"simplifyStartSession":{"tiles":false},"consentManagementLegacy":false},"freeTierRoadblockV2":true},"onboardingReentry":false,"adDisclaimerPlayer":false,"freeTierRoadblock":true,"displayNotificationOnAccountCreationBeforeEntitlement":false,"top10Rail":true,"retrans":{"automaticPostalCodeResolution":true,"automaticCountryCodeResolutionCellTowerFallback":false,"automaticCountryCodeResolution":false},"contextualMetadataShowcaseCarousel":true,"pdpSocialSharing":false,"iapResiliency":false,"profileLoadingIndicator":false,"hotRailRefresh":true,"liveBingeRail":true,"signUpEnabled":true,"googleSignIn":false,"userOnboardingEntitlementAware":false,"useBrazeForPushPermission":true,"connectedNavigation":true,"profileSettingsLanguage":false,"ratingSystemLogo":false,"collectionHubSponsorship":true,"kochavaTracker":false,"sampleContent":false,"increasedCastSize":false,"startAppCachedProfile":false,"signUpDrivenByIapCapability":false,"memoryLeakAnalysis":true,"overrideTileImg":true,"accountLevelViewingPin":false,"ageRatingBadgeBrowseTiles":false,"upsellBySegment":false,"useUniformMeasurementsForBlendedKPIs":true,"personalisation":{"sortedList":true},"scorecard":true,"searchNoResultsContent":false,"removeFromContinueWatching":true,"clipDrivenRoadblock":false,"trickPlaySLE":true,"dnsOverHttps":false,"miniPdp":false,"actionsMenuSC":false,"audioSubsLanguageOrder":false,"paidSharingOTP":false,"affiliateChannelUserLocationPrompt":true,"actionsMenuWithSynopsis":true,"rottenTomatoesRatings":true,"enableLiveControls":true,"iapAmazonEnabled":true,"gaming":true,"profileSettingsBingeAutoplay":true,"immersiveEntryPortability":false,"actionsMenuCW":true,"upcomingPDP":true,"medalStandings":true,"apiGuardEndpointEnforcement":true,"channelsSearch":true,"localisationServiceStaticFallback":false,"displayStrikethroughPricePP":true,"userOnboarding":true,"signUpMktOptIn":false,"showcaseCarouselAutoScroll":false,"interactiveSchedule":true,"showcaseRail":true,"VPFRetry":true,"supportsPartialAccounts":false,"isChannelsEnabled":true,"sendBrazeCommercialCustomTrigger":true,"planPickerAfterSignUpFlexForm":false,"epgAssetTile":true,"dataStreamingSetting":false,"affiliateChannel":true,"inAppPromoAmazon":true,"signInOtpEnabled":false,"downloadWithPremiumCTA":true,"regionalSportsNetworkEnabled":false,"requestTracing":true,"signUp1PDCollection":true,"showcaseRailTrailer":false,"collectionLiveBadge":true,"verticalVideo":{"browseAutoPlay":true,"moreInfoCtaVariant":false,"myStuff":false,"liveStories":true,"playlistAPI":true,"socialSharing":false,"prefetch":false,"actionSheet":{"explicitSignals":false,"enabled":false},"enabled":true,"holdToScrub":false},"actionsMenu":false,"targetedDeeplinksToPlanPicker":false,"paywallRecommendationsEnabled":false,"impressionTracking":true,"dataCapture":true,"experimentHeadersBgFgRefresh":false,"gamingTileResize":false,"inAppNotificationsRedesign":false,"privacyAgreementNotification":true,"displayRemainingRuntime":false,"sleLiveOvertimePlayback":false,"searchPortraitTileRatio":false,"searchPersonalised":true,"supportsEmailPartialAccounts":false,"signUpLearnMore":false,"flexFormWithoutSignup":false,"prefetchVideo":{"mobileData":false,"binge":true,"pdp":false},"photosensitivityDisclaimer":true,"nielsen":true,"immersiveEntryTemplated":true,"imageSelectionReporting":false,"useCrossDeviceConsent":true,"cloudMessaging":{"topics":{"appSettings":false},"dataMessages":{"fcm":false,"adm":false,"hms":false}},"showcaseRailParallax":false,"searchResultsPolling":false,"staticPlansAndPayments":false,"chromecast":{"castMediaSession":true},"makeAdobeConsentDriven":false,"flexForm":false,"automaticLanguageSwitch":false,"inAppPromoGoogle":true,"pictureInPicture":true,"impressionTrackingWithEditorialTiles":true,"contextualMetadataPdp":true,"lowBandwidthMode":false,"telemetryReporting":true,"liveDataInHeroSpotlight":true,"useAdobeEdgeAPIForAnalytics":false,"actionsMenuSearch":false,"showcaseRailSponsorship":true,"languageMatchFallbackToISO-639-3Only":false,"asyncNotifications":true,"tileAvailabilityReporting":true,"actionsMenuWithMetadata":true,"entitlementValidation":false,"newrelicLogging":{"warning":true,"error":true,"info":true},"actionsMenuTooltip":false,"gamingGamerInfoModal":true,"displayPhoneSignInFirst":false,"videoAudioBadgingHeaders":true,"downloadPlaybackContentSegmentCheck":false,"customerIdMigration":false,"epgAssetLinearPdp":true,"gamingDeeplinkMobile":true,"top10RailImage":false,"ageRatingBadgeBrowseHeroArea":false,"freeToPremiumNotice":true,"shortformSearch":true,"downloadSeasonCTA":false,"profileSelectorDisplayData":false,"cookieManagement":true,"paidSharingControl":false,"player":{"recsRail":{"movies":false,"series":false},"binge":{"bingeRedesign":false,"bingeVODPersonalised":false},"pictureInPicture":{"binge":{"movies":false,"series":false,"episodes":false}},"skipErrorEnrichment":false},"portraitTileRatio":true,"useWebScaleCollectorForImpressions":true,"checkAutoPlayTrailer":false,"autoSkipIntroRecap":false,"clipDrivenPDPCompanion":false,"browsePullToRefresh":true,"upsellAddOnsDuringPurchase":false,"showInAppSignUpOptions":false,"scorecardSponsorship":true,"railsOnSearchLanding":false,"signUpShowSelectAllAndCheckboxTitles":false,"immersiveExtraText":true,"accountRecoveryCode":false,"lightweightPortfolio":true,"bootstrapService":true,"teenProfileTypeSelector":true,"coreVideo":{"manageConsentForCVSDK":true,"addons":{"watermark":false,"conviva":true,"convivaEco":false},"doubleBox":true,"disableAdobeAnalyticsForAutoPlayTrailers":true,"cdnFrontedDAI":true,"manifestManipulator":{"preview":false,"download":true,"fullEventReplay":false,"verticalClip":false,"singleLiveEvent":false,"vod":false,"live":false,"clip":false},"deriveAdInfoFromManifest":true,"nativeAdvertising":true,"support4k":false,"enableMediaTailorPagination":true,"drmVideoQualityCap":false,"catchInternetConnectivityErrors":true,"enableExtremelyLowCapMode":false,"coordinatedCDNBitrateCapping":false,"drmAuthEnabled":true},"apiGuard":true},"chromecastConfig":{"config":{"territory":"US"},"features":{"enableLinearPVRControls":true,"stillWatching":true,"showLabelKeys":false,"liveBingeRail":true,"nflConsent":true,"immersiveIdle":true,"sleDisplayStartTime":true,"dataStreamingSetting":false,"stillWatchingTime":true,"pvr":{"sle":false},"newPlayerAudioSubtitles":true,"consentManagementLegacy":false}}}