{"Fid":"fbxAQSxdTpCGCn9JDlg0V-","Status":3,"AuthToken":"eyJhbGciOiJFUzI1NiIsInR5cCI6IkpXVCJ9.eyJhcHBJZCI6IjE6MzU0ODAwNjQ1MzI5OmFuZHJvaWQ6NGM2NjY0NGY4NDc1MTUwYiIsImV4cCI6MTc2OTgxMjM0NSwiZmlkIjoiZmJ4QVFTeGRUcENHQ245SkRsZzBWLSIsInByb2plY3ROdW1iZXIiOjM1NDgwMDY0NTMyOX0.AB2LPV8wRQIgX1U5cRUxbPVwH2V0sGeuX0SPbjXsdNGQB7_ZP1QhyRYCIQDykkQN41LVWYtk542Rid6sB-jngh2rS9rhWwkrADbL7Q","RefreshToken":"3_AS3qfwLmAtXO7i0ELm_0pLCVDS8as-u4-RtufLEM08hHeFuCwoiWt4dptnwZPtgYTLdVP2hQOTLVLzOyNvFQ3kj9k9hhHhBCwDR01McWKwrGeyE","TokenCreationEpochInSecs":1769207545,"ExpiresInSecs":604800}