<?xml version='1.0' encoding='utf-8' standalone='yes' ?>
<map>
    <boolean name="PN_registered_successfully_with_MPRS" value="true" />
    <string name="PN_registration_id">c6Tj_S0kRge3vk9vpt5EDW:APA91bFVlJ8jMqcmrZRvTUu8VF4oHN39Ws_Vbgwwv1SHP2q3d6GoKeSo5Tn_P3zmrhSM8BRAQuz8S2DJRbDT0NGkmZMZqdSLcS3NiR7Hwemn0gZl0id8ync</string>
    <string name="PN_OS_notification_state">INACTIVE</string>
    <int name="PN_sequence_number_int" value="2" />
    <boolean name="isHfrSupported_Cache" value="true" />
    <boolean name="isHdrSupported_Cache" value="false" />
    <boolean name="isUhdSupported_Cache" value="false" />
    <boolean name="isReferrerValueSet" value="true" />
    <boolean name="EventSync_shouldForceProcess" value="false" />
    <string name="PN_OS_version">13</string>
    <string name="PN_application_install_id">EU:amazonaiv:bfab8e8a-1c4c-4ea7-a00e-46ff2b06fb24</string>
    <string name="playbackSupportInfo_Cache">SUPPORTED_HARDWARE</string>
    <boolean name="isDolyDigitalPlusSupported_Cache" value="false" />
    <string name="deviceVideoCodecOverride_Cache">H264</string>
    <boolean name="hasWANSupportBeenDetected" value="true" />
    <boolean name="isHevcSupported_Cache" value="false" />
    <boolean name="isPlaybackSupportCached" value="true" />
    <string name="deviceBitrateAdaptationsOverride_Cache">CBR;CVBR</string>
    <string name="playStoreInstallReferrer">utm_source=google-play&amp;utm_medium=organic</string>
    <boolean name="isHdSupported_Cache" value="true" />
    <string name="PN_app_version">3.0.435.4747</string>
</map>
