{"id":"254e485e-e123-11e9-820b-e3a16b01c583","type":"CATALOGUE/LINK","title":"Continue Watching","slug":"/home/continue-watching","description":"Continue Watching","images":[],"sectionNavigation":"HOME","linkId":"CONTINUE_WATCHING","renderHint":{"orientation":"landscape","viewAll":false,"sort":false},"orientation":"landscape","links":{"refresh":{"href":"https://bff-ext.clients.peacocktv.com/bff/sections/v1/personalised?slug=/home/continue-watching&segment=default&template=sections_v2&rel=refresh","type":"GET"}},"items":[{"type":"ASSET/EPISODE","id":"e9c3ad8e-b5eb-11f0-bd32-0b022b2aa93c","type":"ASSET/EPISODE","title":"Episode 1","slug":"/tv/all-her-fault/4681936634154107112/seasons/1/episodes/episode-1-episode-1/9a8d0441-da9d-3fd1-84c2-b24a2764fd02","sectionNavigation":"ENTERTAINMENT","classification":"ENTERTAINMENT","genreList":[{"genre":[{"id":"TV","title":"TV"}],"subgenre":[{"id":"Drama","title":"Drama"}]},{"genre":[{"id":"TV","title":"TV"}],"subgenre":[{"id":"Mystery","title":"Mystery"}]}],"images":[{"type":"landscape","url":"https://imageservice.disco.peacocktv.com/uuid/9f353fa5-be80-39a7-8434-3ebb2b779f2d/LAND_16_9?language=eng&proposition=NBCUOTT&version=45306c6f-4dc0-3a49-a065-61e3e6dedfc9"},{"type":"scene169","url":"https://imageservice.disco.peacocktv.com/uuid/9f353fa5-be80-39a7-8434-3ebb2b779f2d/SCENE_CLEAN_WIDE?language=eng&proposition=NBCUOTT&version=45306c6f-4dc0-3a49-a065-61e3e6dedfc9","area":"HERO_AREA"},{"type":"scene169","url":"https://imageservice.disco.peacocktv.com/uuid/9f353fa5-be80-39a7-8434-3ebb2b779f2d/SCENE_CLEAN_WIDE?language=eng&proposition=NBCUOTT&version=45306c6f-4dc0-3a49-a065-61e3e6dedfc9","area":"TILE"}],"ottCertificate":"TVMA","synopsisLong":"Marissa and Peter Irvine enter a nightmare when their young son Milo is kidnapped during a playdate.","channel":{"name":"NBC Peacock"},"duration":{"durationMilliseconds":2780000,"durationMinutes":46,"durationSeconds":2780},"formats":{"HD":{"contentId":"GMO_00000000259818_02_HDSDR","startOfCredits":2684473,"eventStage":"CANCELLED","availability":{"available":true,"downloadable":true,"mediaType":"ARCHIVE","offerStartTs":1762423200000,"offerEndTs":2061626340000,"extendedOfferEndTs":2061626340000,"offerStage":"CANCELLED","streamable":true},"markers":{"SOCR":2684473}}},"programmeUuid":"9f353fa5-be80-39a7-8434-3ebb2b779f2d","episodeName":"Episode 1","providerId":"7238321483222416105","providerSeriesId":"4681936634154107112","runtime":"00:46:20","year":2025,"number":1,"seasonId":"3788b6de-8ca1-30da-acdf-69725287f7c2","seasonNumber":1,"seriesId":"72ee53d9-6e79-3ae2-9c59-da592bbf0815","seriesName":"All Her Fault","providerVariantId":"9a8d0441-da9d-3fd1-84c2-b24a2764fd02","contentSegments":["D2C"],"advisory":[{"id":"private:COARSE_LANG","terms":[{"abbreviation":"L","description":"Coarse Language"}]}],"ageRating":{"display":"TVMA"},"streamPosition":7,"badging":{"audioTracks":["5.1","Description","Stereo","Dolby Atmos"],"videoFormats":[{"videoFormat":"HD"},{"videoFormat":"UHD"}]}}],"liveItems":[]}