{"Fid":"cYAFiiYHRletLljgoWDRbk","Status":3,"AuthToken":"eyJhbGciOiJFUzI1NiIsInR5cCI6IkpXVCJ9.eyJhcHBJZCI6IjE6NzMzMzI4NjgwNjMzOmFuZHJvaWQ6ODBjOWQyNDk1ZDlmNWVlMyIsImV4cCI6MTc3MTEwOTk2NiwiZmlkIjoiY1lBRmlpWUhSbGV0TGxqZ29XRFJiayIsInByb2plY3ROdW1iZXIiOjczMzMyODY4MDYzM30.AB2LPV8wRgIhAOIxkyX-w3XfvYpaVfIILwc1N0tw8xO5z8QAUPbPJyztAiEA7jT9xGLcLHwEK_PuxKVD_XwMarleKrSvcEFXgHZm_7s","RefreshToken":"3_AS3qfwJApPB90A8HWvJ8WC9Hrgt55Qd_kNjS3tCetET4v8rY-vjr4MwIlIvFPu6HneBpiW7EKiauVvLPxwhuTHedQtaj7RSiNZ_34kGb3VLCStY","TokenCreationEpochInSecs":1770505164,"ExpiresInSecs":604800}