{"Fid":"e-OX2vrgSSai5GPkVuEqZB","Status":3,"AuthToken":"eyJhbGciOiJFUzI1NiIsInR5cCI6IkpXVCJ9.eyJhcHBJZCI6IjE6MzU0ODAwNjQ1MzI5OmFuZHJvaWQ6NGM2NjY0NGY4NDc1MTUwYiIsImV4cCI6MTc2OTU1Nzc3NywiZmlkIjoiZS1PWDJ2cmdTU2FpNUdQa1Z1RXFaQiIsInByb2plY3ROdW1iZXIiOjM1NDgwMDY0NTMyOX0.AB2LPV8wRAIgN2sHy0zy9rn47iP3T05fi42xoa_wXg111S2LWjhdw6ECIA9NSFSftYfNHm4DKFV1WeBVGik5oilOsIi3BwjO42ZF","RefreshToken":"3_AS3qfwK9XxCuBip7S3HlJni0FI2OyFyUcKNvmStgQnKzOdGlMAzgP0UJzm3NWswwFSisMn-GpEmdNFHTxPY_ZpkMlmkY51EwPOmP_IdYxg669w","TokenCreationEpochInSecs":1768952975,"ExpiresInSecs":604800}